id,numcrawled,avgCrawlingTime,avgPageSize
23,0,0,0
19,1,0.301307,9.085
32,0,0,0
41,0,0,0
16,2,0.419702,30.808
44,0,0,0
64,0,0,0
49,0,0,0
119,0,0,0
38,20,0.237597,12.5938
61,34,0.1372,23.1403
181,2,0.595117,45.185
231,0,0,0
115,6,0.720069,31.4862
265,0,0,0
311,0,0,0
345,0,0,0
20,49,0.299616,16.2375
3,28,0.637412,158.061
229,33,0.31614,22.8398
449,0,0,0
47,10,2.8954,45.6855
515,6,0.34235,33.566
1,22,2.1483,122.59
99,48,0.905339,13.8786
31,60,0.905114,336.488
385,56,0.691669,379.008
76,96,0.632967,378.324
1104,0,0,0
1062,2,2.48905,45.185
263,79,0.759845,382.191
422,97,0.721986,365.77
21,170,0.55629,242.355
93,56,1.86903,172.858
576,60,1.3865,174.912
535,122,0.719543,277.082
86,73,1.67773,184.769
52,47,2.66469,228.126
296,22,5.37053,248.663
0,164,0.805796,77.893
53,36,3.82801,10.0767
2161,26,0.329855,41.7585
2068,55,0.298644,229.184
799,76,1.32822,170.25
2329,0,0,0
1141,53,1.60002,147.32
2353,0,0,0
1935,7,4.1713,147.788
1176,55,1.62538,170.537
1794,6,6.96778,146.888
401,120,1.21125,88.0949
2472,7,0.595381,39.7109
2020,6,5.56384,136.499
2587,0,0,0
1231,50,1.92947,132.74
2595,0,0,0
2325,82,0.299971,222.292
1606,61,1.37447,154.198
104,140,1.28729,155.798
27,45,4.13561,33.0568
2625,4,5.15573,146.642
2740,5,4.45976,156.955
2482,72,0.628495,284.516
1966,58,1.52565,148.299
1660,56,2.08098,130.907
2644,12,3.41916,160.796
2631,7,5.62008,146.742
3107,0,0,0
2626,7,5.84444,149.377
2009,55,1.66884,172.434
2680,6,5.65979,129.139
426,100,2.05114,71.7518
2817,5,7.78323,138.527
3098,4,2.94118,150.558
2058,58,1.69961,156.136
3135,4,2.2837,152.009
1152,45,2.41962,123.273
3207,1,3.22207,176.415
2468,22,3.29344,122.59
3237,0,0,0
3154,2,3.98296,175.523
3239,1,3.82475,176.415
2966,6,4.25609,159.64
3151,10,1.48951,21.5224
3289,0,0,0
3291,0,0,0
2388,61,1.50556,159.067
3396,0,0,0
3435,0,0,0
3226,5,5.73098,167.076
2884,17,3.82597,148.34
3480,0,0,0
3317,18,1.32557,216.538
2832,20,4.41059,154.423
3093,27,2.25591,144.568
3141,10,5.58145,168.055
2344,50,2.22042,124.577
3605,0,0,0
3102,16,3.92256,171.969
3651,0,0,0
3658,0,0,0
3003,41,1.87332,168.341
3519,26,0.555327,37.9711
3676,0,0,0
3264,53,0.97513,198.695
2394,66,2.03898,139.009
3719,7,0.397158,33.1339
3628,16,0.640282,58.6049
3682,9,0.599641,54.4882
3470,14,2.24861,166.566
3717,4,1.37273,122.59
3701,5,1.37807,122.59
3830,0,0,0
3834,0,0,0
3699,9,0.873911,58.6376
3854,0,0,0
3863,0,0,0
3869,0,0,0
3874,0,0,0
3298,28,2.07237,168.306
3853,3,0.9095,72.1343
3881,0,0,0
3887,0,0,0
3896,0,0,0
3809,5,1.66106,122.59
3516,14,2.44579,168.12
3745,8,1.56471,122.59
3916,0,0,0
3306,0,0,0
3241,31,2.27201,171.557
3255,35,1.97339,155.992
3940,0,0,0
3476,13,3.15437,169.144
3944,0,0,0
3248,28,2.54185,163.943
3895,9,0.454086,94.2814
3963,0,0,0
3299,23,2.84558,169.268
3974,0,0,0
4007,0,0,0
3238,27,2.83339,159.207
4043,0,0,0
4008,0,0,0
3980,2,1.59652,10.5915
3977,27,0.299665,259.649
4132,3,0.910529,73.2413
3918,9,1.75831,9.43289
3625,27,1.42597,88.1513
3615,46,0.90977,13.8684
4292,2,0.212026,11.165
4249,1,2.80504,96.322
3907,12,1.87753,128.394
3962,81,0.293181,374.035
4215,18,0.717739,17.8264
4346,26,0.392643,37.3158
4064,47,0.548359,35.1386
4197,30,0.712053,42.1005
4550,22,0.349774,38.1376
4490,26,0.400445,30.6485
4625,21,0.343978,30.9768
4744,24,0.312211,28.491
4839,13,0.377757,47.6445
4747,10,0.993931,645.899
3911,43,1.19115,55.4306
4081,58,0.743792,250.188
4106,41,1.03951,44.4593
4351,66,0.603205,210.733
4821,33,0.648235,66.1296
5072,40,0.278901,44.6526
4072,24,2.41653,71.4206
5393,1,0.996702,28.288
4108,38,1.50017,92.3484
4770,55,0.515965,119.938
5383,5,0.901139,3.983
5461,2,0.207095,11.165
5485,0,0,0
5542,0,0,0
5545,0,0,0
5046,53,0.434988,47.6244
5035,57,0.474971,58.5221
4030,25,2.93193,73.5291
3927,88,0.930678,101.837
5720,0,0,0
5789,0,0,0
5255,30,0.983771,70.3112
5655,4,2.5282,15.2547
5846,15,0.279907,41.0923
5132,39,1.04708,35.4782
5997,6,0.294449,60.075
5815,10,1.09336,27.7535
6111,0,0,0
6209,0,0,0
4580,33,2.39158,119.427
5576,52,0.683617,58.2822
5956,6,3.32231,37.2617
5647,49,0.710939,135.78
4077,90,1.18209,65.1612
6297,3,0.913766,57.597
6366,0,0,0
6288,32,0.259364,39.5478
6480,0,0,0
6493,0,0,0
6517,0,0,0
6522,0,0,0
6523,0,0,0
5966,16,1.88334,25.0745
6531,0,0,0
5486,54,1.10164,52.0146
6229,44,0.521829,118.465
6696,0,0,0
6675,9,0.245042,10.5081
6540,38,0.410272,41.3579
6177,37,0.933455,22.6813
759,586,0.677917,71.6652
6758,20,0.348599,42.5201
6905,17,0.159198,22.3898
5540,75,0.951189,61.0283
6399,21,1.33315,129.929
6609,12,1.52261,57.1402
3914,126,1.17646,319.858
6545,38,0.57535,56.1396
6937,37,0.226513,44.9135
6909,33,0.353429,88.7285
7051,19,0.363229,35.2448
6724,14,1.44747,118.783
5587,57,1.38363,128.671
7257,0,0,0
7268,0,0,0
5394,129,0.703341,107.605
7283,0,0,0
7347,0,0,0
7075,33,0.387563,65.9458
7335,21,0.225947,38.1774
7165,17,0.839874,38.092
7381,7,0.815189,67.8436
7088,44,0.458009,59.9817
7591,0,0,0
7623,0,0,0
7635,1,0.515274,28.735
7612,2,1.24399,480.055
6061,173,0.440832,73.1044
7249,22,1.1475,41.425
7162,21,1.42099,87.4279
7801,0,0,0
7805,2,0.126945,20.9625
7901,0,0,0
7935,8,0.282021,19.9939
7998,0,0,0
7672,44,0.490442,64.5407
6995,31,1.70328,40.5933
7281,111,0.416759,90.9064
8154,0,0,0
8164,0,0,0
7674,58,0.507183,70.3694
8202,0,0,0
6739,23,3.48082,41.7487
4066,347,0.605481,287.831
5156,85,1.94897,89.9264
7107,86,0.84284,78.3379
7696,17,2.76322,22.3898
8452,0,0,0
8482,0,0,0
8108,43,0.626805,85.9585
8222,21,0.893101,31.9979
8573,0,0,0
7606,38,1.52712,265.874
8543,1,0.404787,1.277
8251,30,0.66903,77.7424
8424,24,0.342776,200.564
8205,47,0.538507,93.8354
8674,0,0,0
8701,0,0,0
8634,8,0.531845,45.1176
8384,45,0.329013,54.0974
8502,52,0.174096,92.5628
8763,0,0,0
8771,0,0,0
8473,20,0.63613,89.726
8726,22,0.189265,30.9469
8088,12,3.43353,95.3893
8821,0,0,0
8825,0,0,0
8859,0,0,0
8867,0,0,0
8832,6,0.943923,29.3417
8827,15,0.462027,37.3061
8788,2,5.13469,129.834
8887,6,0.308098,98.2462
8411,55,0.489092,98.632
8913,0,0,0
8914,0,0,0
8915,0,0,0
8026,21,2.7478,95.7716
8917,1,1.67276,68.074
8599,8,1.99791,23.6941
8937,0,0,0
8942,0,0,0
8951,0,0,0
8953,0,0,0
8956,0,0,0
8969,0,0,0
8983,0,0,0
7409,80,1.24988,64.8835
9020,0,0,0
9034,0,0,0
9013,9,0.257925,16.919
8716,32,0.98499,25.6052
8972,4,1.88884,15.3797
9089,0,0,0
7308,93,1.18189,81.4251
9107,1,0.967039,51.464
9132,1,2.6669,66.367
9233,0,0,0
9188,7,0.435111,12.816
9152,17,0.826511,41.7026
8929,38,0.853117,26.5211
9430,0,0,0
9125,29,0.706666,38.2721
9489,0,0,0
9495,5,0.32325,20.9062
9522,0,0,0
9555,1,1.36513,9.005
7490,68,1.98655,210.546
9671,0,0,0
9686,0,0,0
5427,325,0.740025,19.5805
9561,9,1.31332,62.3569
9743,0,0,0
4311,120,2.43654,61.0722
7829,18,7.16322,131.496
9775,0,0,0
8808,85,0.864777,114.742
9794,0,0,0
9636,9,1.32583,62.356
9804,0,0,0
9823,0,0,0
8958,53,1.11847,32.5599
9836,0,0,0
9009,51,1.13752,28.6111
9857,6,0.707312,37.7068
9799,13,0.746821,130.257
9925,0,0,0
9926,1,0.137593,5.412
9935,0,0,0
9953,0,0,0
9972,0,0,0
8961,40,1.77924,88.9769
9993,0,0,0
10007,0,0,0
9954,8,0.543191,22.2263
9990,1,2.09351,4.129
10019,3,0.288863,21.1957
10037,0,0,0
9271,26,2.11862,85.7409
10049,0,0,0
8999,28,2.67047,84.524
10101,0,0,0
10109,0,0,0
9148,27,2.48916,32.1519
10132,8,0.150931,20.6275
10196,0,0,0
10204,0,0,0
10189,10,0.333759,58.2509
10324,0,0,0
9829,13,2.40428,93.6886
10460,0,0,0
10087,30,0.602271,27.8106
10513,0,0,0
10639,0,0,0
10078,43,0.57614,71.968
10052,52,0.580284,26.1908
10279,33,0.711211,21.8291
10857,0,0,0
10234,49,0.653982,74.6619
10887,7,0.987179,9.47214
10811,16,0.853009,37.3339
11131,0,0,0
10606,18,1.44313,21.7364
10229,96,0.524716,76.3836
11209,5,1.21361,24.5226
10020,167,0.399463,32.6999
11356,5,1.02994,15.524
11350,34,0.180238,17.2714
11512,0,0,0
11652,0,0,0
10421,75,0.897094,44.0177
11084,36,1.2366,22.8962
9874,147,0.737359,45.7247
11177,34,1.26374,31.9172
11880,7,1.61639,31.8414
7452,193,1.45839,193.332
11694,25,1.24628,10.6006
10686,117,0.782469,95.9265
12080,7,1.57946,8.94643
11850,22,1.44951,18.5918
11943,20,1.33889,12.2843
9986,59,2.25969,185.78
12163,25,0.590416,10.6006
11739,42,1.14674,18.4667
10430,66,1.81199,104.043
12493,0,0,0
12312,19,0.583586,15.8469
12536,0,0,0
12095,46,0.67542,27.4525
12551,2,3.10506,24.536
12596,0,0,0
12633,0,0,0
12429,6,1.42842,35.8162
9286,177,1.20466,90.3626
12680,0,0,0
12666,1,1.54999,105.17
9145,540,0.423799,107.463
12698,5,1.25738,324.6
11923,49,1.51479,21.8152
12761,6,1.25791,26.7865
9721,95,2.08342,130.125
12456,10,3.88242,103.811
12724,7,1.22906,104.441
12347,40,1.23452,24.8918
12978,0,0,0
12928,5,1.13396,55.945
12888,11,1.06811,55.2094
12924,21,0.466475,15.628
12847,10,1.80188,56.903
13078,0,0,0
13040,4,1.05601,32.1788
12874,10,2.17949,100.457
12966,11,1.37011,26.1689
11515,98,1.27165,20.4439
13144,0,0,0
13120,5,1.18001,28.8228
13207,1,0.660846,121.729
13123,10,1.53701,39.5434
13295,0,0,0
13195,16,0.640951,194.037
13141,11,1.49613,399.452
13134,5,4.76355,37.7134
13338,5,0.759211,48.5834
13324,17,0.371869,52.8548
13105,14,2.02729,47.8396
13395,0,0,0
13410,0,0,0
12995,19,2.15987,53.59
13434,0,0,0
13322,5,2.22957,56.3696
13447,0,0,0
13460,0,0,0
13456,0,0,0
13465,2,0.475164,82.757
13463,2,0.806151,6.301
13497,0,0,0
13524,0,0,0
12997,17,3.01712,29.989
10677,112,1.83641,75.6826
11445,112,1.49306,75.6816
11008,130,1.46432,68.9638
13418,34,0.322368,33.9027
13595,0,0,0
13608,0,0,0
9491,139,2.0111,155.636
13650,11,0.24095,25.2038
13636,16,0.211347,24.5927
13750,2,0.264382,105.002
13641,21,0.225381,25.6912
13657,5,1.1923,417.798
13638,15,0.658738,108.316
13540,29,0.568037,20.3777
13876,0,0,0
13916,8,0.212027,50.3909
13386,19,1.82355,81.9733
13810,12,0.924042,47.5983
13545,76,0.384027,78.678
13867,35,0.359603,22.2288
13535,38,0.881407,62.6845
12282,125,1.15182,43.6011
14123,16,0.388306,20.5968
13164,56,1.28699,293.582
14069,13,0.895212,30.4035
14171,9,0.587416,27.9416
14301,0,0,0
14281,17,0.451094,27.8163
12668,117,1.07905,66.6727
14233,22,0.681667,39.581
14151,30,0.703715,25.7287
14541,0,0,0
10046,88,3.31675,167.954
13521,26,2.39218,106.769
14289,27,0.744129,32.3381
13128,53,1.90109,69.9146
13813,69,0.718636,45.2254
13862,64,0.728603,48.8378
13788,66,0.789409,61.5829
14710,0,0,0
14705,0,0,0
14708,3,0.35321,10.671
14744,0,0,0
13998,24,1.85538,160.019
14677,9,0.464029,44.8316
14737,3,0.322554,10.671
14783,0,0,0
14507,40,0.474798,30.4985
14678,9,0.945716,23.1291
14838,0,0,0
14771,6,0.70574,83.6737
14850,0,0,0
14887,0,0,0
14882,2,0.269271,8.564
14901,0,0,0
14844,5,0.84418,98.5532
14927,0,0,0
14885,10,0.299583,30.9209
14519,35,0.760126,87.6688
14479,30,1.00028,60.6863
14969,0,0,0
12530,53,3.29432,77.5867
14970,1,0.476523,47.262
14953,4,0.411901,26.792
14993,0,0,0
14582,21,1.23426,63.665
14956,9,0.393573,21.4291
15037,0,0,0
14995,18,0.141638,14.034
14810,24,0.627218,31.8972
15062,0,0,0
15031,4,0.906756,46.7458
15094,1,0.342393,10.536
15122,0,0,0
15070,18,0.154167,18.0463
14322,46,1.04716,127.376
15100,4,0.777087,114.074
15177,0,0,0
15182,0,0,0
15015,10,1.01328,152.003
15003,22,0.75905,85.2221
14780,19,1.74383,22.8646
14872,40,0.817651,11.5855
15172,28,0.588936,123.805
15324,27,0.305161,41.3118
15488,0,0,0
15205,16,0.430666,32.1744
15156,41,0.467586,49.7606
15508,0,0,0
15524,0,0,0
15523,7,0.965077,19.5477
15289,50,0.383592,136.418
15115,71,0.443358,41.5653
15536,10,0.568184,21.9657
15742,3,0.540246,40.6563
15689,7,0.849558,33.419
15799,0,0,0
14086,47,2.14108,114.357
13437,109,1.26438,59.8761
15815,0,0,0
15843,0,0,0
15817,3,0.736305,40.5733
15700,9,1.28899,30.451
15516,38,0.581438,39.4492
15534,33,0.654649,33.4049
15902,0,0,0
15889,2,0.585647,13.478
15875,4,0.945064,15.5475
15528,19,1.50866,28.306
15964,0,0,0
15925,16,0.296512,18.6339
15370,55,0.738579,43.0095
16021,0,0,0
15829,6,3.83878,6.77283
16043,13,0.689286,31.0757
15893,22,0.933654,28.8583
15923,18,1.05674,25.1856
15894,20,0.476547,33.4832
16231,0,0,0
16237,0,0,0
15867,32,0.887178,53.258
16217,3,1.01105,12.3047
15984,38,0.549525,37.7988
16322,0,0,0
14321,97,1.31372,86.8941
14666,92,1.18091,53.4768
16522,4,0.974859,19.2653
16262,34,0.50826,41.1637
15341,21,3.67259,83.8872
16198,34,0.659662,33.0494
16621,0,0,0
16622,0,0,0
15996,46,0.849416,48.5271
16261,29,0.756811,35.7093
16636,6,0.199316,8.601
16392,13,0.946586,24.6188
16619,5,1.19668,109.23
16733,0,0,0
16712,2,0.996523,4.133
16748,0,0,0
16644,12,0.543589,39.8376
16222,36,0.91462,37.9546
16050,79,0.590676,34.712
16778,2,0.621254,16.632
16856,0,0,0
16871,0,0,0
16906,0,0,0
16669,57,0.235109,55.5488
15222,32,3.24971,24.3094
16796,27,0.375901,29.3426
16958,9,0.756988,39.2012
16756,35,0.487307,41.7498
17170,1,0.537301,16.648
16826,31,0.527306,38.4908
16633,25,0.457169,30.739
16782,22,0.843252,34.3967
17172,2,1.50312,20.965
17258,0,0,0
16942,21,0.795289,30.5087
16886,25,0.831061,31.9862
17080,24,0.561391,31.6555
16351,72,0.740813,54.1085
17378,0,0,0
16913,33,0.694613,38.604
17229,17,0.706704,37.0926
15347,26,4.72129,29.8307
17286,16,0.870435,23.8418
17383,10,1.02964,32.3039
16968,32,0.968617,31.8652
17220,34,0.654364,39.8181
17628,0,0,0
15882,23,4.37883,30.5237
17640,0,0,0
17691,0,0,0
17699,0,0,0
17404,24,0.806197,45.4842
17506,32,0.422782,35.2868
17268,33,0.81474,47.9886
17392,24,0.88133,27.7567
17725,0,0,0
15137,114,1.35016,72.0761
17409,25,1.05544,30.1221
17599,10,0.631396,22.9393
17222,28,1.34712,36.609
17847,1,0.60582,16.441
17888,1,0.223281,3.228
17744,22,0.455627,33.5776
17489,47,0.591218,32.9056
4102,549,1.49145,146.683
17645,43,0.793941,47.3361
17766,34,0.788553,29.4701
16298,206,0.537643,58.5746
18434,0,0,0
18513,0,0,0
18525,2,0.359835,10.604
18551,0,0,0
18560,0,0,0
17748,50,0.839481,80.9097
18176,23,0.395306,35.9149
16775,90,1.08653,31.0028
18373,29,0.91342,70.2476
17750,69,0.86429,47.074
17976,43,1.13767,49.8348
18033,49,0.989148,52.3237
18616,30,0.637871,34.9988
18843,2,2.57527,4.48
17791,37,1.67229,86.9036
18953,0,0,0
17877,46,1.3545,48.0949
18613,29,0.889471,32.3264
18980,0,0,0
18993,0,0,0
19000,0,0,0
19060,0,0,0
18918,5,1.1554,23.1354
18904,17,0.767877,46.4219
18907,18,0.737303,27.9233
18585,24,1.63545,120.428
19148,7,0.63687,40.6937
17961,55,1.40237,53.6465
19311,0,0,0
19184,5,1.36098,34.5602
19370,0,0,0
12395,101,4.35387,50.1106
19465,0,0,0
19085,26,0.876506,39.7438
18893,56,0.659619,43.6709
18902,48,0.851211,42.4802
17768,90,1.16168,65.0563
17913,78,1.27292,55.1402
19500,11,0.749725,45.757
19372,27,0.638395,43.2818
19103,37,0.883593,46.2833
18361,42,2.0181,54.1959
17672,75,1.62244,56.1899
18679,171,0.399511,59.7123
19570,9,0.417969,20.369
18462,95,0.917896,48.6227
19355,25,1.24781,35.4397
19657,16,1.08699,29.3745
19666,15,1.18046,34.7435
19710,12,1.28654,21.9152
19963,2,1.30975,9.2405
20018,1,2.28296,6.944
19571,46,0.711121,49.9499
19778,24,0.787042,25.7471
19122,67,0.879018,36.0908
19415,62,0.742872,45.8321
19777,19,1.15465,30.4598
19934,11,0.520108,34.3405
19118,24,2.6171,37.2422
20133,0,0,0
20145,0,0,0
20151,0,0,0
20158,0,0,0
20072,12,0.68949,40.3342
19084,54,1.27011,38.1945
19776,38,0.721705,41.3103
19725,32,0.997811,50.1767
17752,82,1.80182,53.2975
20150,4,0.973935,20.1475
20178,2,1.38661,15.6475
20222,0,0,0
20228,0,0,0
20160,3,1.80489,55.4337
19895,13,1.88398,47.8685
20248,0,0,0
20251,0,0,0
20282,0,0,0
20284,0,0,0
20291,0,0,0
20299,0,0,0
20307,0,0,0
20311,0,0,0
20297,2,1.07577,16.1055
20317,1,0.321065,21.61
20114,24,0.699683,33.59
20333,0,0,0
20352,0,0,0
20377,0,0,0
20382,0,0,0
19670,82,0.632269,47.7103
20149,13,1.45123,23.0838
20410,0,0,0
20218,7,1.22823,22.5351
20414,1,2.14332,16.7
20068,19,1.57177,34.9635
20433,1,1.88188,2.319
20156,29,0.826875,35.7958
20350,3,3.04979,64.2553
20476,0,0,0
20487,0,0,0
20491,0,0,0
20499,0,0,0
20516,0,0,0
20518,0,0,0
20259,13,1.51891,22.5058
20407,10,0.994056,17.1507
20511,2,1.0264,39.479
20588,0,0,0
20589,0,0,0
20597,0,0,0
20614,0,0,0
20650,0,0,0
20341,51,0.403504,294.416
20544,36,0.265964,26.5681
20742,0,0,0
20783,0,0,0
20521,17,0.895762,23.7669
20485,31,0.558961,31.01
20808,0,0,0
20821,0,0,0
19663,38,2.19857,41.9589
20372,22,0.510554,27.5242
20894,0,0,0
20891,3,0.571026,32.994
20558,24,0.981055,27.5373
20917,0,0,0
20329,46,0.897272,38.4224
20789,8,1.60842,33.8269
21005,0,0,0
21028,0,0,0
21053,0,0,0
19958,25,3.1774,47.9444
20454,28,1.50318,20.2285
20912,4,1.17453,17.721
20675,73,0.412566,520.337
21108,0,0,0
20950,8,0.552175,25.1361
21144,0,0,0
21153,0,0,0
21160,0,0,0
21072,2,2.08906,9.5295
21240,0,0,0
21256,0,0,0
21283,0,0,0
21173,10,0.653883,568.777
20646,30,1.5539,465.257
21178,15,0.695527,31.3399
20981,31,0.819715,29.7575
21276,9,0.646619,517.126
21107,25,0.733888,32.1006
20940,28,1.20122,33.3433
20679,70,0.775746,48.5677
21105,38,0.652418,34.6043
21364,7,1.23497,15.205
21417,5,0.854576,1.2112
21458,5,0.674406,1.0982
21407,20,0.438925,14.7245
21515,5,0.573432,1.13
20504,51,1.44267,43.4736
21520,5,0.71484,1.1884
21522,7,0.923135,8.16686
21600,0,0,0
21559,5,0.862356,1.1732
20697,91,0.782186,162.975
21571,5,1.4542,1.1764
21465,11,2.01711,19.2486
21461,10,2.40941,584.645
21699,8,0.514799,124.238
21679,28,0.435764,37.3745
20309,36,3.14903,94.6214
21355,38,1.12428,20.8191
19709,89,1.79355,113.22
21919,4,1.66336,27.425
20272,101,1.24419,57.6564
21187,53,1.15028,41.4287
21984,4,1.4096,25.94
22085,0,0,0
21816,29,0.577315,43.1419
22035,4,1.65455,16.9737
22172,0,0,0
22178,0,0,0
20864,73,1.27868,39.6651
22128,8,0.420667,226.441
22217,0,0,0
22237,0,0,0
21464,16,3.37292,154.463
22253,0,0,0
22282,0,0,0
22292,0,0,0
22309,0,0,0
22373,0,0,0
21808,30,1.23214,95.1518
22130,16,0.436202,41.9119
21616,26,2.10429,38.479
22462,0,0,0
21595,45,1.27717,38.7156
21621,22,2.52699,38.2261
21611,59,0.957237,59.8134
22495,0,0,0
22533,0,0,0
22101,77,0.335996,79.3838
22545,0,0,0
22567,4,1.01736,42.6483
22666,0,0,0
22517,18,0.564945,15.8779
22742,0,0,0
22824,0,0,0
22873,0,0,0
22544,31,0.991721,32.943
21294,23,5.01606,96.2622
22205,118,0.461678,115.097
22781,23,0.807501,52.189
22583,59,0.557299,50.6799
21652,89,1.06231,55.7164
21788,73,1.1438,55.7935
23059,0,0,0
23077,0,0,0
23064,8,0.300408,14.4474
23115,0,0,0
22896,22,0.911569,81.5303
23162,0,0,0
23180,1,0.879392,16.708
23233,0,0,0
21948,71,1.23611,50.6875
23142,7,1.10752,15.2196
23108,10,1.18502,25.6084
23055,14,1.27457,36.0234
23358,0,0,0
23382,0,0,0
22556,49,1.31903,130.628
23057,83,0.339132,55.1599
23171,34,0.622233,29.9802
23456,1,1.90694,16.827
23447,7,1.35652,39.729
23492,12,0.366014,24.2165
23099,39,0.945832,35.9157
23586,0,0,0
23630,25,0.319547,29.1633
23442,14,2.11913,21.9436
23603,23,0.736555,27.3155
23393,75,0.489607,75.6578
22492,129,0.815428,45.5307
23850,0,0,0
23851,0,0,0
22534,27,3.82883,21.3089
22397,50,2.273,36.927
23837,11,0.548124,32.577
23378,21,2.36131,18.8983
23875,11,0.607744,29.5476
23961,0,0,0
23895,19,0.280517,32.2141
23985,0,0,0
23992,0,0,0
23879,12,1.05021,14.9591
23463,56,0.977671,35.8999
23014,86,1.06638,94.1674
24056,7,0.9239,22.96
23346,31,2.46814,29.7806
23388,17,4.18128,37.5822
24196,24,0.464683,28.9099
22288,96,1.73754,43.3851
24219,5,2.21805,37.6328
23790,37,1.58691,406.39
23909,27,1.68437,45.6719
24015,45,0.842785,22.9581
24232,20,1.11496,50.7138
24120,20,1.77274,34.0567
22723,47,3.26532,153.033
24490,0,0,0
24349,10,1.65342,8.0968
23926,21,2.87281,42.3099
24519,0,0,0
24478,6,1.39702,87.957
23988,36,1.6432,20.3137
24579,0,0,0
24599,0,0,0
24650,0,0,0
24502,23,0.553883,19.2165
24064,29,2.03061,48.675
23984,35,1.92541,47.3455
24116,38,1.44451,919.905
24693,0,0,0
24688,5,0.702812,10.8368
24557,20,0.647855,14.7501
24662,5,1.21341,110.784
24591,16,0.925553,39.2269
24907,0,0,0
24765,32,0.368368,31.947
24717,27,0.657246,29.0187
25060,0,0,0
24771,20,0.875088,31.7617
21629,119,2.24017,66.977
24710,17,0.971987,33.8217
25092,0,0,0
25080,2,0.655296,3.972
24883,22,0.699366,25.2694
24401,38,1.43196,65.7198
25146,0,0,0
24685,38,0.808684,40.1156
24331,49,1.36588,65.0303
24726,27,1.14384,35.5193
24419,43,1.37544,72.755
25243,0,0,0
25166,5,0.497909,22.6216
25253,0,0,0
25270,0,0,0
25115,14,0.832092,28.9202
25317,0,0,0
25356,0,0,0
25002,35,0.805384,39.2427
24590,98,0.597406,63.3976
24971,29,1.24911,53.0256
25388,2,1.7463,30.828
25507,0,0,0
25185,12,2.29497,47.4889
25302,19,0.977535,28.7587
24167,54,2.03837,66.3072
25279,10,2.29222,25.3606
25593,0,0,0
25240,12,2.36284,24.7045
25339,46,0.41283,83.2602
25612,0,0,0
25615,16,0.148018,13.8103
25614,2,1.38987,16.6
25681,0,0,0
25694,0,0,0
24417,46,2.06005,461.305
25718,0,0,0
25775,0,0,0
25632,27,0.439854,33.29
25804,0,0,0
25814,0,0,0
25823,0,0,0
25829,0,0,0
24013,43,3.43073,13.5063
25720,11,0.392458,21.4625
25873,0,0,0
25563,15,2.08701,19.568
25960,0,0,0
25141,61,1.14665,40.0996
26002,0,0,0
25854,15,1.00115,30.1954
25639,40,0.845236,50.626
26029,0,0,0
26062,0,0,0
26070,0,0,0
25897,12,1.44814,46.7747
26106,0,0,0
25282,39,1.77891,302.588
26118,2,0.250776,3.2425
26138,0,0,0
25635,19,2.31554,21.4564
26151,0,0,0
25607,43,1.08597,36.8846
26182,0,0,0
26208,0,0,0
26220,0,0,0
25921,29,0.760823,36.2367
26187,8,0.295624,5.29125
26049,19,0.647291,51.9337
25846,45,0.723338,40.4632
26271,1,0.157596,3.902
26224,19,0.200289,7.27974
26243,13,0.340803,46.137
26217,8,0.926635,33.173
26305,3,1.27973,25.7287
26306,7,0.670221,28.9113
26408,4,0.528177,5.29575
26044,22,0.372788,28.5158
25526,68,1.06784,44.1798
25543,25,2.8748,118.09
26511,0,0,0
26535,0,0,0
25309,52,1.83762,43.1209
26266,25,0.883464,53.1171
26628,0,0,0
26642,0,0,0
25910,40,1.25758,32.8637
26659,0,0,0
26688,0,0,0
26690,5,0.144236,12.9612
26173,47,0.726114,74.459
26407,26,0.786608,34.2584
26775,0,0,0
26692,16,0.325059,22.6003
26792,0,0,0
26302,30,1.10317,27.7881
26816,1,0.357932,21.356
26853,0,0,0
26856,0,0,0
26870,0,0,0
26901,0,0,0
26874,4,0.538564,27.8117
26939,0,0,0
26964,0,0,0
26845,17,0.645219,77.3284
27000,0,0,0
27008,0,0,0
27015,1,0.663839,16.698
26860,11,1.16137,69.0704
26735,27,0.807714,140.057
27017,1,0.17672,16.121
27049,0,0,0
26571,30,1.19718,39.6084
27095,0,0,0
27099,0,0,0
27065,3,1.74067,142.975
27110,0,0,0
26920,15,0.37448,24.2808
27120,0,0,0
27147,0,0,0
25384,94,1.43475,169.417
27197,0,0,0
27226,0,0,0
26403,45,1.39954,37.7179
24566,117,1.72279,61.0583
27227,13,0.576027,36.2976
27251,9,0.734369,76.0703
27175,8,1.64737,80.7316
27052,27,1.08633,34.6869
27437,3,0.630664,20.7287
27392,6,0.820567,20.5783
27394,7,0.980841,31.6703
26366,107,0.804221,36.7004
26713,8,8.08164,98.1197
27523,14,0.498621,28.7873
27537,17,0.424522,28.1567
25153,93,1.98373,30.6513
27133,85,0.409566,53.8693
27295,48,0.500524,68.9885
27712,2,1.665,77.104
27675,7,0.879115,31.8774
26508,112,0.778064,39.2842
27129,23,1.92366,38.6774
27815,10,0.361321,27.4667
26681,39,2.08269,39.9521
27429,23,1.10161,25.7227
27799,9,0.63958,39.1668
27787,12,0.744651,19.1644
27855,13,0.42755,36.9658
27945,2,0.549629,77.108
27944,3,0.764282,21.4157
27789,25,0.55202,39.1152
27091,45,1.28675,20.2711
28016,28,0.215572,79.8639
26324,165,0.724082,85.4027
27956,24,0.534035,23.6699
28116,6,0.888786,33.8455
28192,6,0.638542,32.6883
27943,11,1.48662,39.7978
28269,13,0.179171,31.9085
27989,23,0.666087,39.8511
28008,27,0.637733,17.4579
28389,0,0,0
27975,15,1.35085,27.8278
28274,13,0.573877,32.5473
27991,10,2.40121,51.443
28316,23,0.437186,62.1377
28429,8,0.628512,25.4649
28523,25,0.23653,39.1378
28508,17,0.415141,27.7081
28360,20,0.850556,53.1294
28435,33,0.398771,19.6108
27753,81,0.599444,43.4422
28702,5,0.204334,22.8012
27992,84,0.448112,68.9155
27749,34,1.60931,36.675
28773,2,2.018,41.122
28786,4,0.878987,9.476
28774,5,1.20146,40.6286
28881,0,0,0
28909,0,0,0
28470,15,1.8056,43.5319
22329,113,4.27328,70.435
28792,21,0.693193,81.4573
27503,35,2.36393,112.766
28556,36,0.914232,55.9506
28275,20,2.44062,37.4352
28900,54,0.303187,31.8431
28806,10,2.19472,77.4635
27028,135,0.932974,46.4869
29040,24,0.627875,58.8377
28834,56,0.443373,75.1139
27531,207,0.450209,82.623
29411,8,0.671889,104.673
29271,16,0.994042,20.5678
28635,18,2.69931,53.108
29627,0,0,0
29374,10,1.49405,53.3881
28463,33,1.83915,42.3221
29301,26,0.763943,83.1033
29361,11,1.58687,37.0644
29708,1,0.164323,4.252
29731,1,0.231996,4.247
29664,5,0.717245,31.251
29766,0,0,0
29773,0,0,0
29327,28,0.869036,23.1739
29812,0,0,0
29818,0,0,0
29813,8,0.200673,10.2163
29847,0,0,0
29854,0,0,0
28374,150,0.494392,83.2244
29442,10,2.32465,163.124
29878,3,1.67547,8.78867
29899,11,0.383914,24.2298
29881,10,0.617283,20.9442
29657,40,0.468594,37.6741
30032,0,0,0
30010,11,0.168504,37.2722
29915,4,1.55493,18.3158
29963,5,0.921511,26.5036
30094,0,0,0
30109,0,0,0
28923,82,0.72866,65.5083
30121,13,0.15913,51.0535
26103,91,2.54704,321.396
30053,11,0.626,37.2722
30075,20,0.483486,49.5517
30084,7,1.75655,94.3289
30177,41,0.197044,22.9799
29831,24,1.20553,44.3063
29123,50,1.33521,32.274
29948,13,2.10809,33.0906
29109,117,0.633619,59.9073
30314,42,0.364643,57.8579
29914,57,0.730191,164.527
30139,24,1.38887,74.6167
30593,28,0.240441,30.6419
30716,0,0,0
30184,55,0.643516,70.0354
30578,10,1.41412,13.7798
30678,6,1.47251,169.357
30822,0,0,0
30831,0,0,0
30722,53,0.168047,71.3176
29157,143,0.671455,150.766
30492,18,1.45753,24.2705
30931,10,0.288953,28.0138
30171,42,1.12847,71.9406
30842,65,0.176505,51.376
31117,0,0,0
30850,22,0.731613,26.7753
31170,0,0,0
30433,42,1.20066,54.8954
31154,45,0.280175,35.9272
30098,45,1.69489,149.631
30980,19,1.57644,28.8438
31444,0,0,0
31303,8,1.43118,15.6281
31464,0,0,0
31392,7,0.92126,18.032
31532,0,0,0
31039,48,0.765264,72.4326
31615,2,0.16786,64.674
28823,172,0.911953,106.848
31526,25,0.256294,45.2935
31552,18,0.275251,42.4471
31388,28,0.594812,41.5101
31666,0,0,0
30729,81,0.718157,51.6112
31683,34,0.298607,44.0515
31685,10,1.14894,14.4097
31886,0,0,0
31524,23,0.998604,23.6974
31668,43,0.341581,72.079
31914,0,0,0
31704,11,1.26307,12.5476
31937,0,0,0
31912,17,0.244325,141.131
32002,0,0,0
32046,0,0,0
31957,33,0.326009,45.4604
32176,0,0,0
31960,15,1.11585,47.3285
31896,33,0.675868,51.629
32198,2,1.68742,12.984
32095,7,1.87187,14.234
31703,69,0.569816,57.8259
32306,4,0.621673,20.9913
32257,4,2.06718,158.832
30400,44,2.96221,39.1541
32376,0,0,0
30379,108,1.29413,37.7374
32509,0,0,0
32530,8,0.146251,14.4482
32391,25,0.694821,53.9157
32249,18,1.64545,65.0443
31986,17,3.01122,28.4804
32640,4,0.834036,29.1433
32685,1,0.690633,34.869
32350,13,2.19137,165.755
32435,17,1.34928,10.0604
32666,7,1.00023,94.3289
32697,17,0.435728,36.5
32739,24,0.61639,63.8362
32715,17,1.05114,32.324
29441,185,1.21955,155.827
30174,120,1.57814,61.5857
32988,3,0.730954,132.561
32560,29,1.29533,69.3779
32837,17,0.965319,49.0449
33050,0,0,0
33056,0,0,0
32223,32,2.09338,171.679
32781,25,0.941075,56.222
29659,93,2.40972,166.024
31197,79,1.73726,81.2957
33112,0,0,0
29158,129,1.96271,135.497
31888,81,1.20613,29.1107
33096,6,0.833776,51.1562
32961,19,0.822804,30.3393
33188,0,0,0
33247,0,0,0
33258,0,0,0
33209,9,0.303882,26.317
32902,7,4.5416,130.167
33079,23,0.925216,25.816
33097,24,1.04302,13.4163
33302,8,1.24756,120.913
33085,32,0.820607,64.8051
33286,10,1.26379,30.0511
33496,0,0,0
33058,60,0.531235,72.9944
33519,0,0,0
33285,18,1.00665,26.8691
33439,13,1.11711,92.9172
32981,42,1.17619,178.253
33182,59,0.621569,72.737
33498,15,1.29306,83.0326
33699,0,0,0
30844,100,2.08406,64.9439
30331,111,2.18097,61.8498
33655,33,0.431859,44.938
33747,5,0.733068,16.3772
33726,12,0.547194,23.5123
33393,17,2.71383,47.6956
33146,56,1.2225,61.1141
34027,0,0,0
34056,0,0,0
33724,28,0.428499,30.6334
33647,18,2.11039,47.8924
33867,20,0.415312,27.8425
34114,20,0.238108,15.74
34200,0,0,0
33535,31,1.83962,86.3627
34210,0,0,0
34223,0,0,0
31051,115,2.08268,72.5938
33664,16,3.444,45.6923
34266,27,0.372009,23.7686
33875,30,1.61934,94.5262
34224,62,0.357331,34.2864
33955,28,1.57905,103.016
32987,73,1.67226,43.5642
34096,72,0.512303,43.3166
33769,59,0.449369,35.9153
34753,0,0,0
34638,20,0.43766,31.7294
34708,6,1.18527,10.852
34089,120,0.360282,35.4149
33584,48,2.00625,41.9249
34247,54,0.779328,38.4783
34426,46,0.795542,39.3683
34997,6,0.823888,10.852
35087,2,0.510706,20.193
34883,20,0.931741,34.425
34653,46,0.699653,29.6633
34765,37,0.753687,37.3266
34807,36,0.770342,69.4145
35129,17,0.493053,25.2099
34842,41,0.645879,27.0856
33081,26,5.91464,43.2764
35344,2,0.153723,12.991
34074,96,0.793051,46.0602
35387,2,0.20249,8.062
35320,8,0.526203,24.4585
34894,40,0.75298,40.6929
35222,20,0.559986,22.8737
35475,0,0,0
35490,0,0,0
35422,12,0.304703,11.2378
35506,0,0,0
35291,26,0.490268,22.5553
35274,33,0.468182,19.7223
35109,43,0.590051,37.5662
35594,0,0,0
33667,38,3.30067,53.6941
35365,17,1.07945,32.1826
33694,31,4.07572,57.242
35790,0,0,0
35604,20,0.513992,31.5365
34811,66,0.852066,74.5977
35575,12,1.43766,6.31225
35764,22,0.418094,104.178
35572,35,0.614207,26.5717
32298,218,1.1435,206.51
35924,3,2.77341,11.0383
35907,9,1.03762,68.9083
35620,29,0.829544,54.1408
35682,39,0.662434,30.8784
36170,2,0.168016,4.2865
36205,0,0,0
35234,82,0.635766,35.4381
35994,0,0,0
36289,0,0,0
36302,0,0,0
35945,28,0.750285,36.4758
35507,73,0.607456,33.0179
36140,21,0.498375,25.1361
36395,2,0.232738,15.3725
35498,74,0.657377,35.2799
36391,8,0.399124,23.4146
36429,12,0.180459,24.3602
36530,0,0,0
36518,8,0.385415,23.4183
36573,2,0.460237,68.3
36455,30,0.213893,20.7671
36322,26,0.444834,20.8858
36030,25,1.11586,29.1066
36268,56,0.284688,36.5627
36323,23,0.705611,29.2693
36000,58,0.703879,50.4227
36638,32,0.410341,22.446
35876,54,0.955378,40.086
36327,57,0.509082,29.4326
36112,52,0.783635,123.519
36645,27,0.639575,29.1874
36862,12,0.628939,22.9776
35460,80,0.977155,66.0042
37048,0,0,0
13757,720,2.10175,117.629
36960,14,0.862196,39.8814
36790,45,0.541549,25.7079
37019,29,0.675844,32.9544
36934,21,1.26603,28.6125
36765,0,0,0
31047,130,3.16566,130.69
36715,0,0,0
36731,86,0.506443,34.9099
36251,69,0.949925,85.0233
37210,30,0.574279,28.5255
37507,0,0,0
37521,7,0.559336,28.8376
37504,15,0.437701,24.5935
37538,26,0.227946,16.7975
37657,5,0.571508,31.6424
37503,17,0.937023,43.3363
37723,12,0.49797,23.0574
37017,75,0.68194,35.5319
37909,9,0.524823,24.8541
37967,7,0.659118,31.4403
37858,18,0.634561,23.9437
37630,37,0.68158,27.731
38030,9,0.544149,25.5699
38161,0,0,0
37684,51,0.692371,27.1191
38123,17,0.741915,25.4369
37439,143,0.390341,34.4539
36943,256,0.343991,29.1022
38075,29,0.793123,30.3189
37445,24,2.53484,36.763
38186,33,0.726834,26.9489
38102,38,0.774757,33.9026
38452,10,0.85641,65.8831
38583,0,0,0
38341,35,0.584501,35.0185
37832,67,0.78388,32.8096
38639,4,0.928986,18.3998
36569,52,2.50069,48.5246
38543,21,0.589897,37.8944
38550,30,0.410185,20.1934
38692,17,0.678751,25.8561
38333,53,0.796415,34.0706
38834,0,0,0
38809,23,0.664157,23.4823
38565,0,0,0
38653,48,0.730838,30.9913
39011,0,0,0
39043,0,0,0
37511,50,2.28033,35.2799
38702,51,0.922288,39.0746
38732,24,1.90161,64.8238
39199,0,0,0
39225,2,0.80399,83.079
39371,0,0,0
38829,35,1.7377,36.9101
39452,0,0,0
34505,396,0.80829,48.7882
38866,52,1.39995,40.589
39634,5,1.3456,16.0348
37062,55,3.86667,31.5891
38982,49,1.66015,62.3918
39654,17,1.15532,52.0106
39891,0,0,0
39905,7,1.20206,43.7521
39254,66,1.04869,46.6822
39815,10,0.763313,23.865
39837,12,1.49541,43.3473
38935,116,0.921883,49.5736
38575,74,1.92849,69.6482
39923,8,0.911191,19.7843
40098,0,0,0
40060,3,2.96492,35.916
40191,0,0,0
39019,70,1.65377,40.7069
40026,10,0.795659,22.909
40251,0,0,0
40255,0,0,0
40282,0,0,0
40032,21,0.728072,28.5855
40155,14,1.68974,41.3376
40396,0,0,0
37369,92,2.73299,58.7032
37098,81,3.34052,114.475
37279,61,4.27305,59.1042
40059,24,0.639179,31.4478
40257,15,1.2237,108.112
40466,0,0,0
39088,117,1.18289,167.092
37193,64,4.28124,148.45
40448,7,1.82887,38.3474
40528,2,1.57488,49.5325
40333,20,1.54922,25.832
40577,2,4.19952,30.896
40706,0,0,0
40656,30,0.164699,16.8778
40086,63,1.02056,59.79
39407,118,1.08094,69.4583
40765,9,0.499799,12.7391
40845,0,0,0
40717,11,0.811514,40.3555
40837,2,0.898999,25.301
39132,65,2.43759,154.334
40424,40,0.877053,42.6792
40881,0,0,0
40451,23,1.43993,24.6469
40885,2,1.3033,17.648
40908,0,0,0
40942,0,0,0
40867,15,0.761199,77.1793
40961,8,0.321765,27.6249
40805,32,0.557878,31.0413
40674,9,2.84151,64.7656
40525,97,0.424215,27.3455
40531,28,1.47315,27.4389
41068,6,0.234501,3.7145
41092,1,1.23971,18.106
40226,72,1.08803,22.1316
41128,0,0,0
40999,10,1.21234,83.426
41059,0,0,0
41175,0,0,0
41050,20,0.583024,86.8039
40480,12,4.94729,37.0548
41229,2,0.852652,30.956
41254,0,0,0
41232,4,1.3506,14.7355
41129,27,0.991787,43.5573
40132,79,1.49409,54.1647
41154,113,0.268741,69.0737
41073,58,0.656817,41.1088
41252,19,1.61145,38.0413
40963,43,1.26023,90.2067
41159,36,1.16525,59.8597
40496,49,1.93332,94.4079
41614,35,0.338953,45.0027
40946,71,0.894255,63.798
41780,8,0.464006,6.81337
41773,22,0.491214,21.1977
41577,23,1.27256,38.337
41372,31,1.64279,47.279
42013,0,0,0
41725,18,1.4473,36.4172
41880,8,1.92104,66.3495
42049,0,0,0
41701,21,1.80131,42.0314
41787,11,3.06785,76.3605
41971,8,2.58136,72.5296
42147,0,0,0
41228,58,1.32066,44.5116
41729,33,1.26257,44.6326
42175,0,0,0
42169,2,0.846773,40.363
42137,5,1.16937,45.3192
42075,9,1.61198,51.724
42039,16,1.51505,52.5671
42176,21,0.680258,42.0314
42373,2,0.168541,25.301
42407,2,0.175655,17.648
38759,215,1.52327,71.1339
42326,7,1.45633,17.3981
42178,53,0.626777,52.0461
42498,8,1.65955,19.2226
42224,21,1.66654,39.7321
42230,26,1.35484,41.6055
41674,59,1.51442,49.1019
42036,47,1.30633,41.7478
42254,36,1.36843,42.4173
41305,73,1.7814,57.6835
34046,112,5.71344,148.413
42693,8,0.691859,21.0206
42899,0,0,0
42629,13,1.78878,38.6771
37060,87,5.49491,812.574
42452,29,1.59758,66.0108
42962,9,0.483611,32.3542
42748,14,0.551679,25.218
43077,0,0,0
43133,0,0,0
41931,100,1.05236,67.6934
42908,10,0.842662,24.48
43110,25,0.233386,14.152
42511,25,1.97882,28.6273
43206,4,0.174946,15.8875
43072,10,1.36684,66.3832
42716,67,0.62839,59.3401
43352,4,0.170226,15.8875
42705,25,0.640431,28.6364
43198,43,0.305667,36.7451
40898,98,2.02279,19.7479
43257,25,0.411366,29.0665
43179,24,0.680957,31.7244
43425,40,0.158426,24.2653
43517,19,0.150962,23.7969
43464,24,0.212127,31.7244
43238,55,0.334869,37.8809
43588,13,0.30654,12.8337
43324,45,0.329399,36.0216
43696,0,0,0
42917,44,1.07213,36.3882
43329,27,0.761578,26.6752
43764,0,0,0
43779,0,0,0
43769,9,0.391181,40.0756
43697,12,1.36837,12.9284
43835,24,0.369982,29.6832
43616,25,1.08652,14.1072
43503,4,0.849065,15.8875
43615,22,1.33845,23.1927
41300,154,1.33338,72.1684
43994,8,0.968687,18.3291
43998,38,0.197233,39.3713
44145,0,0,0
42923,32,2.44564,27.5599
44168,14,0.319034,6.43764
43505,39,1.31487,29.5716
43803,38,1.06995,39.3713
44234,25,0.298,13.4993
43828,39,1.04643,24.4162
43760,29,1.69994,36.0021
44422,10,0.227455,14.4646
44476,0,0,0
44075,21,1.4025,25.1339
44466,10,0.418979,13.3401
44563,0,0,0
44153,40,1.00269,35.4353
42928,62,1.92364,20.3862
44695,0,0,0
43967,54,1.05746,38.0973
44706,0,0,0
43908,66,0.992441,26.1157
44495,21,1.21835,25.1339
44531,4,0.625556,15.8875
42235,104,1.77333,61.042
43694,83,1.05303,25.9415
44792,0,0,0
44613,14,1.49648,81.5377
44732,18,0.548271,33.3922
44580,10,2.54549,37.3377
43035,73,1.80181,95.4469
44129,40,1.6592,74.0339
44871,8,0.793883,84.2668
44186,104,0.600976,25.6066
44794,15,0.860523,87.669
44986,0,0,0
45009,4,1.00836,57.8825
44735,29,0.880396,81.7434
41101,112,2.69009,87.4205
44805,18,1.20368,26.4613
44990,22,0.541673,14.8125
44982,54,0.232965,38.0973
45234,0,0,0
44837,16,1.49299,55.0634
44872,47,0.48798,29.673
44819,23,1.18832,104.553
45017,46,0.32941,23.334
45285,2,1.08769,6.3415
45294,19,0.352858,28.2915
45197,18,0.82621,20.9929
45296,22,0.475452,25.4626
45446,0,0,0
45304,8,2.68523,79.5546
45490,20,0.670983,68.1504
45394,8,3.27263,99.0397
45751,5,0.173723,53.9392
45707,14,0.224402,21.8536
45475,25,0.841547,42.9274
45586,36,0.382041,35.8049
45842,0,0,0
45870,0,0,0
45831,9,0.219642,22.7714
45914,2,0.166425,6.8615
45782,12,0.637192,53.6033
45907,9,0.268648,9.89911
45478,9,3.29439,30.5307
42911,73,2.86251,121.433
45985,1,0.696077,12.097
44677,65,1.37112,97.2658
45436,24,1.49973,40.7073
45134,94,0.628469,96.6772
46059,0,0,0
46078,0,0,0
46079,0,0,0
44888,26,2.9363,65.5758
46030,8,0.518235,27.7136
45833,17,0.859408,37.941
46099,0,0,0
46120,0,0,0
45212,90,0.711974,39.0731
46191,1,0.325637,9.119
42067,194,1.53982,29.3768
46303,0,0,0
45723,46,0.741127,42.1717
45815,68,0.48964,75.3876
46451,1,1.44444,9.794
46499,0,0,0
46523,3,0.484855,33.9353
46156,33,0.749751,44.0546
46556,0,0,0
44770,77,1.51273,100.925
46579,2,0.190359,2.591
46362,17,0.99523,41.1933
46613,0,0,0
44954,87,1.21606,92.094
46631,0,0,0
46617,3,0.97442,14.8257
46657,0,0,0
46094,37,1.02971,28.5403
46541,13,0.892204,24.6938
46656,2,1.33579,8.8865
46309,26,1.09038,90.6657
46685,2,1.41579,25.768
46141,29,1.46205,25.7091
46732,18,0.426797,36.4172
46570,16,1.29104,22.5006
46185,27,1.71248,58.7652
46597,14,1.47928,41.245
46862,2,1.46676,7.724
46753,20,0.559815,15.74
46742,9,1.36115,22.536
46896,2,1.54706,14.6295
46967,9,0.157014,15.6014
46930,2,1.76503,19.8675
47044,0,0,0
46075,52,1.21074,69.252
47120,0,0,0
46113,223,0.280141,48.5111
46710,18,1.47306,21.7426
47171,0,0,0
47187,0,0,0
46372,67,0.801107,29.9489
47201,4,0.650162,37.3223
46664,28,1.32008,24.5472
47248,15,0.300516,17.3144
47347,0,0,0
47086,19,0.873778,28.4687
47265,23,0.325841,46.7644
47455,0,0,0
47389,6,0.705347,59.0133
47232,19,0.695827,41.3786
47023,28,0.908221,29.6463
45331,60,2.25417,47.9938
47536,0,0,0
47581,1,0.628995,176.936
47432,26,0.412265,31.4485
47615,0,0,0
47502,38,0.234154,13.3321
47041,56,0.614511,29.5288
47708,2,1.2478,415.384
46971,53,0.74955,38.3176
47798,2,0.615611,19.4575
47863,0,0,0
47866,0,0,0
47060,37,1.14374,41.6845
47342,62,0.443834,22.8394
47978,0,0,0
47543,31,0.782158,30.75
47457,35,0.840838,42.7733
46126,88,1.22619,49.4455
48005,4,0.616736,26.866
47647,24,1.03792,32.9534
48054,24,0.216272,23.6943
48046,10,0.624604,28.621
47839,26,0.689192,27.616
47928,17,0.783524,29.9781
47685,36,0.766497,25.5195
47761,31,0.825979,29.0087
47890,28,0.796048,26.7977
48241,8,0.693059,25.4254
48343,8,0.455225,22.0689
48214,35,0.294465,12.9921
47745,17,2.12182,24.3569
45258,136,1.36502,88.4777
46771,63,1.3984,34.1154
48195,24,0.632679,27.026
48057,59,0.409085,64.7399
48499,7,0.53273,24.9239
48514,8,0.539771,19.483
48193,47,0.40056,36.8467
46981,141,0.588945,15.0144
48679,0,0,0
48404,17,0.697224,24.9029
47999,56,0.581881,37.3469
48735,0,0,0
48467,19,0.654191,25.4551
48182,35,0.716393,20.4781
48483,22,0.537489,22.5375
48587,16,0.609562,25.1474
48751,2,0.799221,14.3765
48829,0,0,0
48759,12,0.576967,24.9198
48375,12,1.99409,20.5098
48795,12,0.536083,23.8708
48649,16,1.01336,27.162
48757,20,0.737355,27.0697
48871,10,0.696173,15.4395
48978,0,0,0
48995,0,0,0
49011,0,0,0
48792,8,2.13588,10.2496
48668,24,1.02088,15.781
49048,2,0.350119,9.7175
45967,80,2.16887,75.9931
48875,21,0.758432,27.4958
49105,0,0,0
48945,29,0.467167,44.7073
49174,0,0,0
48991,33,0.444139,15.4782
49118,20,0.344967,14.1167
49239,0,0,0
49270,1,0.453173,176.936
49128,9,1.14813,19.0859
48805,53,0.677496,38.3856
49342,0,0,0
48835,18,1.98421,77.1182
49323,1,3.66657,0.419
49313,19,0.61387,25.3339
49359,19,0.495173,19.0935
49548,0,0,0
49534,4,0.505254,63.44
49362,24,0.602013,32.0203
49601,1,0.440405,22.373
48552,79,0.914086,51.9939
49546,30,0.413451,10.4946
49185,61,0.631831,45.1021
15051,707,3.30842,116.142
49606,23,0.635673,23.3237
49917,0,0,0
49899,7,0.516022,71.6257
49315,13,3.0344,55.1342
49703,28,0.66351,28.7313
48459,38,2.59906,24.7631
49885,52,0.224716,64.0189
49661,34,0.731037,33.707
49873,28,0.55209,24.6633
50173,0,0,0
50003,10,0.93764,23.0806
50217,0,0,0
50224,0,0,0
50191,6,0.373238,30.6033
50243,1,0.152681,9.005
48950,58,1.45181,226.419
48884,132,0.686925,33.4342
50168,21,0.65309,28.3261
50286,8,1.203,39.4252
49758,45,0.876104,68.6729
48227,44,2.9818,21.784
50392,14,0.631606,53.5083
50448,4,1.82393,378.092
50222,35,0.602198,32.4456
50623,0,0,0
50513,13,0.545425,31.0473
50653,0,0,0
50538,5,1.74062,14.8462
50740,5,0.27649,107.941
49107,157,0.627283,83.0869
50720,7,0.806373,35.6156
50663,9,1.23332,83.6267
49427,128,0.658518,78.4975
50600,20,0.912373,78.4938
49220,97,1.02703,71.3977
50940,0,0,0
50959,0,0,0
50975,0,0,0
50554,20,1.24722,166.631
51004,0,0,0
51013,0,0,0
50848,11,0.987978,80.2015
51066,0,0,0
51023,18,0.224646,15.2289
50544,68,0.490984,45.98
50272,69,0.741275,51.6646
50886,26,0.671963,16.8298
51205,0,0,0
51236,1,1.81592,0.419
50933,46,0.53503,66.8137
50260,66,0.987005,72.258
51377,0,0,0
51223,27,0.587398,41.8762
51461,0,0,0
51389,15,0.497036,32.7929
51360,15,0.721413,23.1207
51113,6,5.01392,82.8355
50050,43,2.11791,47.8951
51541,8,0.437655,6.9345
51597,1,0.68107,68.222
51605,3,0.182642,7.22267
51055,49,0.830006,38.4191
51628,19,0.238652,15.2119
50867,42,1.34706,22.5652
51745,0,0,0
51666,16,0.302198,22.6048
51505,23,0.839617,29.7015
51848,0,0,0
51856,0,0,0
51789,17,0.351363,20.9039
51899,0,0,0
51278,23,1.9534,40.8875
51920,0,0,0
51912,2,0.684465,42.604
51979,0,0,0
51940,4,0.735521,60.3175
50112,80,1.4874,51.4363
50637,83,1.06944,134.831
51063,60,1.27642,51.1975
51969,23,0.716225,48.7778
52264,0,0,0
52280,0,0,0
50140,74,1.81271,73.2077
50850,164,0.576497,97.9954
52363,6,0.356851,62.4277
51716,78,0.532704,74.0669
52059,27,0.715372,54.651
51951,28,0.968939,28.1956
52063,28,0.719771,36.5
52464,0,0,0
52461,3,0.482873,11.118
46815,208,1.57318,61.1497
52519,0,0,0
52589,0,0,0
47130,156,2.01914,34.7689
52635,0,0,0
52279,71,0.294174,35.1106
52300,58,0.352653,29.8858
51844,16,3.13155,29.7486
52782,0,0,0
52050,56,0.777225,35.8834
51425,84,1.06398,50.9785
52863,2,0.74761,3.413
52918,0,0,0
52584,28,0.694576,35.5029
52301,59,0.604033,29.0152
52963,0,0,0
52743,47,0.343045,25.6346
49218,73,3.14442,44.9791
53115,0,0,0
52857,25,0.560691,11.428
52989,24,0.52758,34.9453
52738,49,0.594418,31.519
52958,38,0.515447,85.8351
52516,75,0.617632,33.5831
53409,13,0.322791,14.2317
53490,1,0.227095,7.038
49269,24,10.3079,53.821
53168,47,0.347954,27.8075
52900,53,0.608806,29.7597
53557,0,0,0
53561,0,0,0
53574,0,0,0
51637,141,0.767182,28.5596
53586,0,0,0
53599,0,0,0
52101,97,0.841737,46.419
53652,0,0,0
53653,0,0,0
53662,0,0,0
53444,9,1.76625,37.1036
53591,24,0.311428,30.3079
53741,0,0,0
53762,0,0,0
53763,0,0,0
53119,29,1.22459,22.2504
53775,0,0,0
53803,0,0,0
53791,6,0.505397,16.5617
53010,84,0.558091,69.9594
53592,55,0.3391,79.7
53896,2,0.242822,11.0525
53321,28,1.31458,75.0718
53944,0,0,0
53607,24,0.895683,35.0326
54007,0,0,0
54048,0,0,0
53925,20,0.59339,23.9139
53155,68,0.818916,27.1857
53792,22,0.992379,67.93
54128,4,0.240596,24.146
54174,0,0,0
53796,24,1.08004,30.3079
52628,37,2.46502,42.2548
52537,41,2.35683,49.6853
53790,18,1.6198,33.2068
54279,0,0,0
54284,1,2.19504,45.965
54263,13,0.278736,22.0434
54400,0,0,0
52459,70,1.57421,35.1647
52664,67,1.4809,35.6175
54515,0,0,0
54153,52,0.431053,96.8673
53524,187,0.35054,124.891
54076,16,1.88249,37.0133
54609,5,0.206492,17.4758
54647,1,0.153252,4.239
54171,105,0.26353,26.8659
54676,0,0,0
54125,21,1.61081,25.9273
54584,14,0.636929,63.7785
54022,27,1.56303,23.7697
54714,0,0,0
54743,0,0,0
54439,33,1.09275,35.304
54939,0,0,0
53736,61,1.29163,20.6553
54976,9,0.349053,13.1317
54475,33,1.27673,116.332
54773,34,0.546865,45.4876
54777,6,3.51077,40.0283
55068,8,0.601011,45.0168
55116,1,3.51324,163.938
52706,69,2.19852,74.6673
54794,17,1.70761,13.2367
55202,0,0,0
54900,7,3.4551,30.5886
54156,123,0.594644,166.716
55232,0,0,0
55239,0,0,0
55249,2,0.43239,827.541
55265,0,0,0
55277,0,0,0
55315,0,0,0
55280,6,0.701989,55.693
55286,17,0.228996,9.13082
55113,10,2.08869,32.9517
55118,13,1.62209,54.0745
55371,0,0,0
55431,0,0,0
55386,11,0.185283,35.9399
55457,0,0,0
55462,0,0,0
55192,36,0.605281,30.4545
55519,0,0,0
55385,38,0.229058,13.3321
55269,22,0.865061,64.2256
55583,0,0,0
55606,0,0,0
55548,14,0.351034,27.3737
55243,56,0.513028,11.7399
55692,0,0,0
55357,24,0.888892,41.4788
55490,33,0.426453,34.3152
54902,13,4.76312,118.717
55143,30,1.51237,86.4152
55607,22,0.688053,29.0764
55306,11,3.10839,87.015
55625,15,0.99142,78.4147
54204,84,1.37561,75.2771
54781,17,4.85178,51.8994
55701,30,0.628956,45.7467
55706,46,0.665809,36.8512
55756,51,0.562837,31.8314
56081,0,0,0
56090,0,0,0
55713,37,0.961835,26.6409
56098,2,0.438983,2.912
56111,0,0,0
56116,3,0.259335,24.1173
55363,93,0.721314,25.7525
56121,44,0.42695,36.3785
56177,9,1.4617,432.16
56276,0,0,0
54001,99,1.84489,68.8146
51206,106,3.31034,73.8556
55870,10,5.61816,15.4099
55805,11,5.94786,12.5712
56306,15,0.355679,38.2802
56320,19,0.433788,31.8307
56206,21,1.30151,134.102
56375,15,0.425876,25.8352
56278,44,0.437171,30.1247
56444,10,0.617583,30.8701
56520,0,0,0
55881,11,7.08674,12.7341
56533,3,0.267128,17.321
56513,12,0.199702,11.1939
56551,0,0,0
56424,15,0.886327,27.8774
56569,1,0.615162,16.688
56374,51,0.414896,43.6748
56117,10,5.94123,17.4617
56337,7,3.30295,42.0856
56639,0,0,0
56701,0,0,0
56559,21,0.728951,27.061
56594,14,0.941371,48.1784
55752,23,4.61658,16.1473
56753,5,0.450474,30.8934
56572,58,0.361588,40.0894
56805,0,0,0
56836,0,0,0
56647,9,1.94553,46.5557
56849,0,0,0
56754,16,0.489299,51.7397
56880,0,0,0
56843,11,1.2066,97.0045
56583,27,1.39555,14.6425
56636,44,0.814052,54.2987
56812,44,0.515212,30.2663
55985,20,5.78906,17.5928
56857,40,0.485679,26.5204
56494,35,1.54396,39.5545
57104,0,0,0
57106,0,0,0
57129,0,0,0
57107,11,0.250851,12.5799
57179,0,0,0
56747,57,0.676715,37.5991
55921,24,5.8167,33.5473
57165,6,3.58456,55.479
57042,28,1.26413,112.404
57202,13,1.478,24.087
57186,18,1.23609,120.51
57139,18,1.56038,42.0774
56440,31,2.95883,84.034
57367,3,0.860978,49.5987
57025,8,4.98349,119.641
57418,1,0.472443,84.028
57439,0,0,0
57459,0,0,0
57407,3,1.51311,49.2013
57454,10,0.229554,15.1351
57437,16,0.523917,38.2256
57097,77,0.675027,151.906
57442,13,1.17209,54.9832
54550,78,3.56967,64.4367
57507,33,0.401644,19.712
57734,0,0,0
57497,28,0.544744,34.2427
57823,0,0,0
57867,7,0.344599,37.99
57954,0,0,0
57710,63,0.23328,50.1438
57743,33,0.429537,19.7424
57113,51,1.33721,44.9185
57268,34,1.53094,40.006
58020,0,0,0
57208,42,1.49833,41.0948
58022,10,0.439137,43.3182
58016,11,0.493397,37.6165
57375,30,1.6278,47.9575
58035,7,1.23653,42.5467
58224,0,0,0
58143,16,0.555789,28.7223
57417,84,0.629469,54.0811
58275,0,0,0
57603,65,0.623617,45.3682
58148,23,0.47836,28.0412
58042,43,0.426538,48.4211
58328,0,0,0
57985,39,0.619984,14.18
58268,22,0.363146,28.128
58391,0,0,0
58416,0,0,0
58308,6,0.664003,19.3003
55708,52,4.6435,27.4442
58474,0,0,0
56951,74,1.56669,33.8909
58490,0,0,0
58509,0,0,0
57707,74,0.710099,44.0566
57602,21,2.88658,39.0503
58567,0,0,0
58600,0,0,0
58352,26,0.996724,68.2046
58397,25,0.909952,64.369
58494,15,1.04245,38.4672
58708,0,0,0
58659,8,0.616211,118.206
58543,25,0.724633,30.1567
58733,24,0.259441,31.0122
58457,30,1.02141,31.0639
58835,11,0.263948,19.7023
58765,9,1.2233,20.876
58933,0,0,0
57796,44,1.82937,58.5346
59002,0,0,0
59021,2,0.883308,15.08
58838,16,1.08233,12.7026
58313,79,0.792723,61.3592
58467,64,0.829532,101.305
59240,0,0,0
58699,49,0.804921,67.4161
59292,0,0,0
58918,75,0.361306,10.7894
59349,0,0,0
58647,29,1.84643,262.543
59405,0,0,0
58973,27,1.66008,34.1997
59367,32,0.822748,41.5403
59396,52,0.485171,17.8584
59312,44,0.771954,60.2573
59422,32,0.768328,41.5403
59692,32,0.200755,41.5403
59790,0,0,0
59758,5,0.714172,96.4342
58372,66,1.7092,97.947
59831,1,1.34335,13.34
59808,11,0.429093,72.6828
59849,18,0.232927,43.9397
59935,0,0,0
59095,48,1.45874,55.7329
59965,2,0.690296,12.011
60001,0,0,0
58761,44,2.32273,62.5775
59753,50,0.543296,19.1479
59210,88,0.901041,53.2302
60169,0,0,0
60174,0,0,0
60197,0,0,0
60231,0,0,0
55867,58,6.57692,23.46
60359,1,0.25751,14.43
60288,2,2.91522,62.4515
60216,37,0.364066,46.2579
60419,0,0,0
60434,0,0,0
60439,0,0,0
60456,0,0,0
60440,1,2.09965,24.98
60392,4,1.45806,24.98
59619,57,1.30313,66.9572
60486,2,1.24832,15.544
60082,50,0.879211,26.599
55988,67,5.85401,34.1965
59908,61,1.03822,54.6327
60500,59,0.212386,16.0413
59814,22,3.25076,44.1201
58360,162,1.14226,68.2785
54381,88,5.86514,45.0948
60741,0,0,0
54338,102,5.08952,47.2186
60759,0,0,0
60802,0,0,0
59910,80,0.895057,57.2798
60829,0,0,0
58413,83,2.40176,57.0206
60933,1,1.11724,20.416
60887,3,2.04742,14.7367
61024,0,0,0
59180,0,0,0
60903,10,0.903124,33.8419
61088,0,0,0
60671,33,0.951367,81.7395
60806,25,0.928806,78.0843
61144,0,0,0
60792,26,1.03119,40.2608
61186,0,0,0
60990,25,0.439491,26.5142
61243,0,0,0
61307,0,0,0
60749,21,1.8696,28.947
60780,38,1.02985,43.123
61366,0,0,0
61384,0,0,0
60838,38,0.996534,32.2167
61218,21,0.822541,34.0868
61541,0,0,0
61410,5,1.32498,14.7156
61176,32,0.86564,29.2217
60017,126,0.91612,43.219
61421,12,1.39833,90.2332
60076,182,0.640299,47.299
61697,0,0,0
61293,7,3.98247,24.0683
61558,10,1.0893,52.0924
61222,37,0.918551,45.9117
61415,24,0.976053,20.8391
61809,0,0,0
61644,10,1.01615,88.8712
61812,2,0.276034,28.935
61838,0,0,0
61856,0,0,0
61903,0,0,0
61905,0,0,0
60503,59,1.58081,43.5274
61964,0,0,0
61978,0,0,0
62014,0,0,0
61830,16,0.89559,26.8248
61197,51,1.10576,44.324
62012,9,0.798805,116.245
60546,90,1.1915,45.8451
62187,0,0,0
61772,25,1.04466,25.0187
61593,54,0.716039,21.7095
61730,17,0.534585,28.2442
62252,0,0,0
61714,62,0.620784,75.9958
61696,51,0.806494,562.036
60476,51,2.57406,52.3756
62280,8,1.35911,60.3041
62406,0,0,0
62427,2,1.20951,8.7285
60803,50,2.33161,137.739
62500,0,0,0
62007,76,0.535,77.2425
62549,0,0,0
62551,0,0,0
62573,0,0,0
62592,0,0,0
62601,0,0,0
62663,0,0,0
61654,47,1.55302,50.1495
61318,20,4.89259,38.921
62794,0,0,0
62791,5,0.138469,9.5432
62816,0,0,0
62415,53,0.467221,26.6774
62519,35,0.497818,32.9686
62848,0,0,0
62846,0,0,0
62875,0,0,0
62881,0,0,0
62901,0,0,0
61927,64,1.06293,28.7425
62303,18,2.5274,15.0104
62994,0,0,0
62997,0,0,0
62360,32,1.4309,463.961
63047,0,0,0
63111,1,2.38778,2.02
63125,8,0.397876,65.5845
63025,0,0,0
63226,0,0,0
63230,0,0,0
62916,13,1.52802,21.5683
63316,0,0,0
62943,78,0.28657,38.6519
63238,19,0.39491,20.5846
63424,0,0,0
63274,14,0.553806,33.4761
62793,9,4.32068,18.8851
62890,34,1.13335,27.5766
63614,0,0,0
63480,20,0.623026,23.2868
63845,0,0,0
63865,19,0.536964,76.5429
63253,61,0.653204,42.4136
62859,76,0.89866,118.988
64110,0,0,0
64122,0,0,0
63435,37,0.974141,96.3258
63638,34,0.775623,97.8109
62460,79,1.20711,63.6224
64179,0,0,0
64208,0,0,0
62656,69,1.26131,73.7888
64050,13,1.26392,36.6822
63496,27,1.69273,37.6984
64286,12,0.493164,22.1887
63489,76,0.668881,86.1853
62148,132,1.04264,202.632
64461,0,0,0
60668,375,0.628609,74.9857
64147,15,1.25895,85.9283
64480,0,0,0
63078,172,0.431475,44.3814
64514,0,0,0
64555,6,0.204664,38.6057
64627,0,0,0
63429,31,2.08066,40.2158
64487,13,0.61054,22.5585
64510,23,0.292776,22.6726
64194,105,0.266225,78.9097
64723,0,0,0
64758,2,0.865003,38.9005
62276,111,1.34851,351.556
64813,3,0.368609,23.427
64694,4,1.34471,35.135
64845,10,0.411785,28.2314
64653,25,1.62396,107.98
64590,34,1.49448,80.3054
64318,46,1.47531,47.6017
64507,79,0.745109,85.6323
64839,11,3.84908,151.379
63248,44,3.06019,74.2993
62565,226,0.891376,85.8974
64683,37,2.68577,38.4307
64188,61,2.23659,65.5297
65899,24,0.304689,27.065
58194,517,1.06745,93.6157
66087,8,0.571252,17.0533
66044,25,0.519916,336.725
66147,25,0.168916,37.7833
66228,0,0,0
66237,1,1.78886,84.045
66254,3,0.29151,19.028
66282,0,0,0
64483,125,1.19662,184.877
66296,14,0.323597,24.9893
66400,1,0.288369,16.446
66410,0,0,0
66422,0,0,0
64917,107,1.2716,234.287
66533,18,0.681446,35.3797
66500,27,0.770385,44.6664
66717,33,0.286358,47.0615
66890,0,0,0
66895,0,0,0
66902,0,0,0
66421,11,6.04816,75.2091
64721,103,2.09065,203.084
67062,0,0,0
67099,0,0,0
67107,0,0,0
67032,18,0.60095,95.5498
67137,0,0,0
67149,0,0,0
66696,63,0.97916,46.0675
64638,86,2.81738,191.099
65361,102,1.84746,148.512
67224,0,0,0
67314,0,0,0
67165,51,0.594959,37.8441
65373,103,2.0419,209.859
67456,0,0,0
62245,141,2.91688,396.475
67454,4,1.796,97.8813
67558,3,0.325895,9.996
67533,10,0.545836,15.1269
67243,22,1.59511,22.6283
67646,11,0.790631,30.7706
67630,8,1.31409,41.1705
67496,41,0.592655,25.8084
67777,33,0.399703,12.3533
67200,37,1.88615,24.5784
67256,38,1.79678,177.133
64703,130,2.40397,171.381
67341,122,0.514905,26.828
67972,10,0.183897,585.936
68012,0,0,0
65898,33,6.61535,56.6633
67817,12,1.88461,33.1918
68031,0,0,0
65452,104,2.53227,209.524
67619,3,1.00613,16.3677
68044,3,0.14994,22.0313
66056,61,3.4728,65.9365
68080,0,0,0
68096,0,0,0
67982,25,0.679867,27.6814
68158,0,0,0
68140,1,2.94908,125.005
66918,67,2.03763,190.798
68217,1,1.38276,183.376
68275,0,0,0
68114,14,0.987049,20.0724
67935,24,1.45092,210.454
68333,0,0,0
68090,62,0.350387,124.242
64871,140,2.40704,180.928
68371,0,0,0
68384,0,0,0
68401,0,0,0
68409,0,0,0
68447,0,0,0
68476,0,0,0
68511,0,0,0
68554,0,0,0
68051,45,1.10403,95.6218
68598,1,1.64261,183.376
68646,0,0,0
64933,143,2.50012,185.815
68663,0,0,0
65333,147,2.24107,185.957
68683,0,0,0
68696,0,0,0
68510,19,0.85992,230.671
68726,0,0,0
68759,0,0,0
68757,4,0.251017,26.96
65500,136,2.38729,163.451
68799,0,0,0
68839,0,0,0
67780,75,1.3185,109.724
68845,0,0,0
68875,0,0,0
68876,0,0,0
68207,52,1.09822,48.8673
68381,41,1.06252,182.103
68917,0,0,0
68855,6,0.544617,28.7105
68935,0,0,0
68937,2,0.306827,7.715
68971,0,0,0
68972,0,0,0
68943,5,0.504625,30.5578
68796,24,0.565734,28.1057
68995,0,0,0
69005,0,0,0
69015,0,0,0
68676,25,1.15295,52.945
68900,25,0.676391,40.3171
68334,38,1.73481,36.5457
69173,0,0,0
68981,31,0.490581,15.5725
69014,3,4.33857,53.3613
69261,0,0,0
69321,0,0,0
68734,1,0.797944,208.749
69338,0,0,0
65233,151,2.554,181.96
68045,63,1.65293,181.038
68748,40,1.08427,58.2953
69364,2,0.144159,25.4425
69162,25,0.576002,96.826
69384,0,0,0
69413,0,0,0
69041,29,0.915061,42.0307
69397,8,0.36835,50.6003
69481,0,0,0
69430,7,0.498913,38.6451
68277,61,1.56363,124.42
69237,40,0.516175,34.5151
68398,134,0.645191,41.6499
69613,0,0,0
69641,0,0,0
69674,0,0,0
69692,2,0.988891,34.086
69708,6,0.427679,27.465
69597,13,0.918557,29.746
69018,70,0.702809,24.4704
69817,0,0,0
66319,126,2.54452,161.653
69839,0,0,0
69502,39,0.613934,31.0237
69050,64,0.836578,112.261
69906,5,0.384896,30.8632
69977,0,0,0
69382,33,1.23703,35.9414
69923,5,1.21065,41.55
70012,3,0.710952,22.9007
69148,70,0.855546,51.9768
70077,4,0.393187,43.717
69924,6,2.76189,44.9967
70155,6,0.426504,27.2297
70207,0,0,0
70094,7,1.24291,36.555
70224,0,0,0
70256,0,0,0
69392,89,0.782698,70.0385
70407,0,0,0
68041,90,1.99804,60.8845
70180,22,0.854162,31.1077
70451,0,0,0
70258,11,1.40378,46.0017
70463,3,0.439884,31.563
70514,0,0,0
69826,26,2.06884,38.694
70472,10,0.739649,28.446
70509,2,2.04769,103.471
69762,38,1.60659,112.249
70586,0,0,0
70610,0,0,0
70656,0,0,0
70665,0,0,0
70674,4,0.171713,41.4252
70695,0,0,0
70730,0,0,0
69521,81,1.28405,28.7152
70742,33,0.859303,77.5138
52034,896,1.61247,295.799
70544,78,0.576322,56.222
70790,25,1.21764,64.0588
71241,0,0,0
70960,23,0.973171,71.1793
71173,12,1.07428,15.0384
70731,25,2.081,41.8258
71403,0,0,0
71344,20,0.46556,83.873
71474,0,0,0
71510,0,0,0
67999,68,4.04555,67.3103
71473,3,1.77425,91.3
71541,0,0,0
71571,0,0,0
71612,0,0,0
71563,4,1.10816,19.9013
71647,0,0,0
71680,0,0,0
71703,0,0,0
70600,87,1.05287,76.5181
71732,0,0,0
71756,0,0,0
71686,6,1.13809,33.204
69224,114,1.71918,42.8006
71797,0,0,0
71825,0,0,0
71829,0,0,0
71851,0,0,0
71864,0,0,0
71886,0,0,0
71752,8,1.58245,24.4449
71908,0,0,0
71926,0,0,0
71942,0,0,0
71943,0,0,0
71956,0,0,0
71973,0,0,0
71814,7,2.11194,50.428
71990,0,0,0
71994,0,0,0
72008,0,0,0
71201,48,1.49744,71.0701
72019,0,0,0
72026,0,0,0
72030,0,0,0
72031,0,0,0
71176,49,1.60332,53.5485
70602,62,1.96173,169.961
72056,0,0,0
71276,31,2.28916,172.813
72079,0,0,0
72067,12,0.224902,34.6772
72112,0,0,0
72115,0,0,0
72132,0,0,0
72141,0,0,0
72152,0,0,0
72177,0,0,0
72184,0,0,0
72195,0,0,0
72204,0,0,0
72217,0,0,0
72230,0,0,0
72248,0,0,0
72249,0,0,0
72259,0,0,0
72039,32,0.517899,54.1081
72301,0,0,0
72373,0,0,0
72273,27,0.277522,55.7334
72435,0,0,0
72492,0,0,0
72546,0,0,0
72231,81,0.211129,44.0843
72386,15,0.688242,39.4921
72310,21,0.691486,44.9001
72462,11,0.620225,41.0485
72587,0,0,0
72073,61,0.490707,31.9315
72591,1,0.163764,3.271
72599,0,0,0
72620,0,0,0
72635,0,0,0
72652,0,0,0
68265,234,1.43219,50.9674
72665,1,1.26183,92.763
72062,18,2.19191,28.4743
72696,0,0,0
72704,0,0,0
72706,0,0,0
72692,1,1.5241,183.376
72721,0,0,0
72733,0,0,0
72747,0,0,0
72764,0,0,0
72758,1,0.497332,6.28
72754,8,0.303293,9.313
72822,0,0,0
72827,0,0,0
72844,0,0,0
71453,84,1.25117,141.544
72860,0,0,0
72862,0,0,0
72135,33,1.41754,14.6505
72879,0,0,0
72890,0,0,0
72588,45,0.515315,44.8294
72914,0,0,0
72936,2,0.205777,8.885
72824,12,0.748474,18.4064
72971,0,0,0
72991,0,0,0
70133,65,3.39108,45.7343
69462,207,1.29255,183.795
73020,0,0,0
72617,62,0.597299,43.0913
73109,0,0,0
73006,4,2.52683,386.988
73019,0,0,0
73201,0,0,0
72961,16,1.23587,36.4155
73045,23,0.576024,45.7972
73061,7,2.07423,94.5427
73283,0,0,0
73340,0,0,0
72968,15,1.75576,41.9606
73181,8,1.6107,15.6129
73266,7,1.57807,11.2779
71451,95,1.59578,73.6006
71554,107,1.34377,103.912
73388,21,0.61327,73.0591
72663,105,0.620093,96.344
73039,23,1.76755,29.8677
73697,0,0,0
73708,0,0,0
73588,11,1.69771,159.948
72776,202,0.365084,25.5951
72895,86,0.857569,44.2366
73870,25,0.345422,58.6509
73624,54,0.481963,60.2133
73925,22,0.279349,99.1441
74057,0,0,0
74047,8,0.475467,25.9145
74110,0,0,0
74113,0,0,0
74126,0,0,0
74200,0,0,0
73247,58,1.05349,47.5288
73629,40,0.978697,239.765
73335,35,1.93195,65.9781
74072,30,0.900426,46.942
70063,55,6.12702,148.061
74417,32,0.499063,20.0829
73399,54,1.57465,59.2243
74712,17,0.443552,26.5143
74855,0,0,0
74868,0,0,0
74890,0,0,0
73603,13,6.77485,171.189
74287,20,2.41013,124.899
74489,36,1.05346,40.0467
74143,55,1.16923,76.753
74693,30,0.877219,42.8527
75161,2,0.215113,1.9445
75187,0,0,0
75195,0,0,0
75080,22,0.374241,34.2996
75247,0,0,0
75255,0,0,0
74241,32,2.08879,33.5564
75278,0,0,0
75288,0,0,0
75270,0,0,0
75305,0,0,0
75315,0,0,0
74688,63,0.663678,25.5006
75343,0,0,0
75335,1,0.559833,0.74
75366,0,0,0
75372,0,0,0
75393,0,0,0
75397,1,0.465332,5.813
75423,0,0,0
74968,31,1.10142,351.04
75451,0,0,0
74148,152,0.589987,186.435
74237,70,1.25487,187.536
75465,24,0.254444,17.4066
75573,0,0,0
75337,31,0.615411,40.2616
73651,92,1.42395,118.401
75408,9,1.648,8.82156
75591,0,0,0
75600,0,0,0
75627,0,0,0
75652,0,0,0
73468,152,0.977995,554.952
75665,0,0,0
75684,0,0,0
75585,6,2.01353,35.6437
75673,2,2.07179,41.199
75729,0,0,0
75519,2,11.5973,88.029
75679,22,0.649025,115.241
75206,51,1.11817,81.5287
73758,151,1.01006,228.191
75920,4,0.35421,0.447
75961,0,0,0
75978,0,0,0
75999,0,0,0
75967,4,1.36397,27.9898
75593,20,2.03194,195.273
76083,0,0,0
75913,24,0.691855,31.3241
76100,0,0,0
76117,0,0,0
75512,37,1.52991,123.3
76172,0,0,0
75785,48,0.948377,40.1262
76014,42,0.742294,60.7288
76115,47,0.6225,20.8625
76370,7,1.36248,18.4147
76177,19,1.38989,37.1321
75757,62,1.12907,61.4448
69813,390,1.3008,815.179
76126,45,1.04481,49.2229
76438,51,0.40507,25.7104
76190,42,1.12246,50.61
74947,133,1.15201,623.681
76488,17,1.56668,16.0781
76846,0,0,0
75830,22,4.0303,84.2311
76680,37,0.433072,36.1345
76905,0,0,0
76034,22,3.62089,84.124
76773,32,0.572193,37.1902
76638,41,0.969202,122.078
76823,20,1.31665,33.4065
77121,0,0,0
76489,41,1.46187,40.6505
77166,0,0,0
75601,133,1.07931,259.166
77091,13,0.624735,27.0901
69469,434,1.35539,818.923
77080,14,1.5241,26.6354
76865,34,1.65489,54.9806
77482,0,0,0
73163,188,1.79616,61.5603
77520,12,1.03381,81.6878
76726,40,2.12896,40.5638
76937,111,0.620509,90.6762
77028,32,1.83362,148.355
77226,36,1.11725,70.2226
77730,0,0,0
77743,0,0,0
77745,0,0,0
77758,0,0,0
77223,49,1.01816,52.5207
76917,79,1.06318,92.1608
76403,64,1.99626,58.695
77796,0,0,0
77764,2,3.84957,305.42
77230,56,0.99408,65.2702
77177,59,1.03234,50.5866
75960,83,2.11489,102.978
77838,10,0.604684,35.3676
77807,8,1.23922,41.1661
70578,41,14.0422,186.558
77806,13,0.844563,54.8941
77922,1,0.142726,4.242
77738,24,0.946442,174.536
77779,7,2.66551,26.4106
77946,1,0.486945,4.244
77961,0,0,0
77984,1,0.143049,4.242
77997,0,0,0
77995,8,0.162131,7.14637
77708,37,0.935875,74.9646
77977,11,0.376744,64.8312
78069,3,0.363491,186.683
78095,0,0,0
78124,0,0,0
78131,0,0,0
78199,1,0.329723,6.774
78228,0,0,0
78101,11,1.08034,34.5482
78279,0,0,0
77952,35,0.677576,76.5345
77373,22,3.702,656.354
78307,1,0.201899,41.913
78321,2,0.229613,27.4245
78288,10,0.28742,34.4304
77382,20,4.22177,82.8072
78306,15,0.224884,705.801
78390,0,0,0
78158,13,1.17714,89.6732
77780,39,1.29457,128.696
78442,0,0,0
77857,123,0.354942,79.9076
78120,26,0.923711,100.84
78426,7,0.629572,29.7277
78308,0,0,0
78509,0,0,0
75589,57,4.50235,115.03
69555,429,1.61971,781.294
78082,14,2.41724,110.943
78610,0,0,0
78557,5,0.920142,0.586
78538,11,0.606383,50.0453
78661,0,0,0
78465,21,0.830967,159.622
78698,0,0,0
77974,74,0.680411,50.3139
78743,0,0,0
78812,0,0,0
78437,30,1.08165,23.4693
76966,76,2.15729,38.5942
78417,15,2.41575,103.549
78768,27,0.344184,22.291
78696,23,0.704987,126.26
78924,0,0,0
78920,6,0.406552,6.94517
78936,4,0.806487,15.2048
78941,4,0.863173,15.2048
78993,0,0,0
78991,2,0.256037,5.8715
78880,7,1.35494,13.2341
78532,11,3.39016,34.1778
79056,1,0.479084,37.646
79014,13,0.327332,19.5099
79015,30,0.272899,58.3357
79163,0,0,0
79097,29,0.233884,24.3418
78590,21,2.13831,33.3808
78736,18,2.05464,41.1628
79360,2,0.843899,25.9035
78980,17,1.64211,5.50771
78733,26,1.79515,18.1413
79196,18,1.0132,301.885
79279,23,0.647562,63.1996
77575,58,2.52994,56.7877
79340,21,0.585739,37.9218
79574,0,0,0
73461,71,6.667,71.9039
79642,0,0,0
77874,121,1.00477,31.9146
78356,124,0.70679,71.466
79500,30,0.418373,30.4984
79725,0,0,0
79756,0,0,0
79749,1,0.52975,53.82
79803,0,0,0
79754,3,1.17446,21.9577
79714,4,1.09294,15.2683
78630,52,1.56334,31.6677
79818,12,0.412071,12.1927
79433,31,0.966448,23.0428
79645,27,0.607408,42.8401
79960,0,0,0
79225,62,0.690211,41.3426
79966,0,0,0
79885,3,1.91216,32.0097
80004,0,0,0
79763,34,0.46369,101.62
80207,0,0,0
78971,100,0.729501,78.9297
78719,130,0.749231,122.998
79143,50,1.4037,37.3725
79978,15,1.52836,34.6044
79674,27,1.51324,32.9831
80300,7,1.04555,25.9194
80046,12,1.12063,35.3198
80450,0,0,0
80461,0,0,0
80389,8,0.642399,17.6735
80045,17,1.70569,183.091
80519,0,0,0
80433,15,0.36042,30.2407
80026,40,0.808937,63.8809
80539,0,0,0
80544,0,0,0
79516,118,0.528952,136.902
80545,8,0.466316,303.534
80605,0,0,0
79529,56,1.29737,342.194
80408,25,0.893223,26.3716
80437,11,1.99774,33.333
80758,0,0,0
80753,1,1.05041,44.217
80564,15,1.03008,34.5742
80782,0,0,0
80805,0,0,0
80776,2,1.17276,21.811
80835,0,0,0
80863,0,0,0
80566,29,0.7023,27.4317
80914,0,0,0
80917,0,0,0
80945,8,0.430326,15.2839
80895,7,0.918611,29.6133
81031,0,0,0
81043,0,0,0
81053,0,0,0
81057,0,0,0
79997,139,0.492933,143.261
81104,0,0,0
81114,0,0,0
77980,133,1.51202,77.1356
80574,72,0.496209,122.24
81143,0,0,0
81071,15,1.12428,34.5782
80552,56,0.976541,55.6159
79787,40,2.57172,87.6536
80318,19,3.77237,88.6373
81353,0,0,0
81356,9,0.584689,14.4631
81439,1,0.211523,64.592
81502,29,0.278444,92.9691
78531,70,2.94898,95.6216
81640,1,0.664409,0.691
81673,0,0,0
81159,37,1.1792,38.0574
80643,57,1.40053,54.0095
81753,0,0,0
80686,27,2.84917,179.862
81858,0,0,0
81678,28,0.564402,21.5417
80938,57,1.25561,44.7565
81873,24,0.157442,82.8869
81739,26,0.585702,27.9495
79569,210,0.7529,134.523
82050,0,0,0
82067,0,0,0
82017,3,2.01571,33.555
80556,53,2.0799,40.225
82113,4,0.73899,89.1675
81797,48,0.560331,78.0739
82019,24,0.646215,18.8986
80822,131,0.753575,87.8903
81158,77,1.02408,73.1254
82236,4,0.993507,31.833
82277,0,0,0
82284,1,2.72941,3.475
82342,0,0,0
81801,51,0.801142,106.483
81800,26,1.6197,43.0982
79880,62,2.86756,59.7534
82423,0,0,0
81422,43,1.7317,72.1711
82200,8,3.13954,83.7242
81378,55,1.44738,185.395
82460,0,0,0
82446,1,1.85923,78.246
82450,1,1.78062,65.94
82477,0,0,0
82485,0,0,0
81108,86,1.25226,193.734
82504,0,0,0
82524,0,0,0
82529,0,0,0
82589,0,0,0
81996,52,0.975101,187.866
82636,0,0,0
82551,6,1.30619,120.869
82498,42,0.316094,28.0699
82712,0,0,0
82546,40,0.335207,27.7427
82326,20,1.99047,41.6279
82494,18,1.29302,61.7945
82263,21,2.51096,122.703
82301,2,24.6125,0
82662,65,0.369396,39.1002
82917,48,0.171683,22.4808
82519,16,2.38341,168.106
78246,243,1.44548,41.1192
83145,17,0.899154,48.4372
82289,66,1.32976,89.9978
82425,60,1.25261,90.6244
82741,68,0.911248,46.4882
82310,18,3.22121,143.201
83632,0,0,0
82459,77,1.23899,48.7141
83347,21,1.48056,36.1162
83696,4,1.27175,121.187
83795,0,0,0
83418,35,1.26228,45.5647
83837,56,0.242418,27.3463
83794,49,0.359216,29.2063
82873,92,1.01643,217.849
84090,22,0.233936,24.6245
83388,31,1.76688,22.6421
82975,54,1.69733,94.4894
84228,0,0,0
82806,64,1.67744,217.334
83588,43,1.00946,26.5107
82954,59,1.66657,216.605
83109,75,1.25813,53.6841
84369,0,0,0
84115,57,0.400025,35.2437
83194,42,2.20533,164.982
84226,70,0.243463,114.472
84496,0,0,0
84504,1,0.695243,2.456
84518,0,0,0
84553,5,0.501137,16.7848
84109,47,0.929735,87.0608
84425,29,1.13782,185.373
82637,92,1.8464,49.7064
84473,21,1.70435,28.7111
84168,40,1.43948,68.4845
84640,34,0.824034,40.3826
83654,152,0.636178,53.372
85068,0,0,0
85093,0,0,0
82202,74,2.98234,142.089
84950,50,0.210689,25.9345
84340,40,1.46209,28.8377
85108,8,0.335579,399.059
85151,1,0.554758,4.239
84870,70,0.277657,23.6078
85176,0,0,0
85206,0,0,0
85213,0,0,0
85225,0,0,0
84484,40,1.52714,180.382
83542,67,1.88404,64.7576
85303,11,1.01061,103.14
84721,92,0.617799,53.4532
85496,11,0.359196,51.1034
85557,1,0.279881,64.977
85368,11,1.21423,49.0615
85586,0,0,0
85613,0,0,0
85649,43,0.21297,27.4716
84464,61,1.62025,75.7312
85588,62,0.251808,64.2473
85895,0,0,0
84521,55,1.79254,88.4573
85929,0,0,0
84218,50,2.43858,44.1411
81351,224,1.49436,141.999
85986,0,0,0
86018,6,0.200041,15.5567
86070,0,0,0
81160,279,1.31569,129.1
86201,0,0,0
86214,0,0,0
85214,83,0.854815,58.3553
85979,61,0.316935,146.735
85621,77,0.545051,44.2047
86303,6,0.153662,6.0665
86420,0,0,0
86473,0,0,0
85948,76,0.479797,77.4763
86283,33,0.481092,25.6935
85109,76,1.26868,74.3697
86512,0,0,0
85908,16,2.77852,80.2725
86539,0,0,0
86382,22,0.926145,27.1102
86624,0,0,0
85160,85,1.30242,32.8003
82488,43,7.14247,72.8154
86637,3,1.66583,38.818
86766,0,0,0
86354,43,0.961708,42.6153
84272,63,2.97873,62.8035
85981,53,1.33057,95.7262
86816,0,0,0
86799,2,0.965633,95.834
86794,6,1.36299,88.0458
86693,12,1.72575,192.464
86208,26,2.42297,128.393
86710,10,1.85879,27.8722
86224,91,0.68391,45.3998
82801,101,3.07453,110.776
86499,30,1.5639,162.735
87012,0,0,0
87038,0,0,0
86900,59,0.16469,28.1035
86791,24,0.882279,55.2645
87030,22,0.147098,15.6368
86917,9,1.88041,177.816
87192,0,0,0
85171,4,39.0724,13.4485
85253,63,2.3581,132.787
87233,0,0,0
86908,30,0.815536,74.2285
87229,1,1.48292,2.698
85238,89,1.74499,29.2034
87265,0,0,0
87283,0,0,0
87340,0,0,0
87025,4,2.63009,35.1542
87248,26,0.371834,41.9672
87397,0,0,0
87400,0,0,0
86915,24,1.78773,224.974
87361,11,0.736599,33.1215
86963,33,1.27387,23.0533
87446,0,0,0
87423,3,0.948908,31.5913
87311,0,0,0
87418,6,1.40129,27.278
87538,0,0,0
87546,0,0,0
86597,37,2.57257,119.309
87109,66,0.736816,25.0842
87473,8,1.65023,157.043
87241,26,1.43296,103.37
87559,2,1.34653,31.609
87587,1,0.134519,25.018
86618,36,2.608,116.129
87606,0,0,0
87609,1,0.15147,25.032
87625,0,0,0
87630,0,0,0
87650,7,0.248458,10.1567
87578,22,0.338667,50.4174
87707,0,0,0
85326,148,1.32645,128.349
87660,7,1.38816,30.5051
87801,0,0,0
87823,0,0,0
87838,0,0,0
87849,1,0.137604,24.983
87872,0,0,0
87506,85,0.394106,112.484
87892,0,0,0
87778,33,0.55783,34.0741
87709,12,2.13792,28.677
87131,63,1.35258,91.818
87733,27,1.04391,11.1321
88007,9,0.274134,13.7011
87839,10,2.02579,29.6035
88144,0,0,0
88018,19,0.925245,42.1103
87898,74,0.397513,41.9388
88222,0,0,0
88228,7,0.704636,23.25
88075,30,0.84853,26.3089
88240,48,0.202732,22.4808
87646,65,1.06982,45.971
88466,0,0,0
86868,52,2.74664,292.855
88493,0,0,0
87895,50,1.10806,53.8683
88162,72,0.451182,36.4072
88564,0,0,0
88590,13,0.370628,22.0256
88575,7,1.13853,26.8491
88438,13,1.72398,82.5675
88549,4,3.35098,90.7043
87698,43,2.27519,61.2257
88456,33,0.910262,16.0038
88777,0,0,0
88783,0,0,0
88541,12,2.23654,20.7595
87472,0,0,0
88796,15,0.768918,31.621
88712,27,1.23676,47.8646
89107,1,0.20305,5.412
88691,52,0.721746,38.6891
88167,41,2.10432,86.4913
88939,30,0.701625,34.1313
87116,69,2.84057,129.24
88908,22,0.499423,32.1655
89321,0,0,0
87651,70,2.12245,36.301
88041,113,1.00929,65.4107
89296,3,1.43198,8.97833
85478,168,1.95849,86.9924
89237,21,0.549745,76.1439
89347,12,0.343579,42.2548
88845,29,1.61027,41.8668
89325,13,0.893509,14.3084
89122,38,0.786698,36.7438
89402,10,0.914664,26.6154
89518,3,0.30266,4.452
89545,0,0,0
88838,25,2.23125,34.4132
86934,88,2.60739,75.7254
89407,23,0.750863,35.1894
89592,16,0.275876,33.7293
86586,13,20.9287,46.0033
89695,0,0,0
89542,23,0.462926,41.8961
89735,1,0.207348,2.616
89766,0,0,0
89594,25,0.542227,56.9618
89696,16,0.460103,48.5633
89728,9,0.83566,8.31511
89865,0,0,0
87290,63,3.56533,60.713
89834,9,0.345862,46.9247
89155,56,0.990242,48.2376
89906,1,0.355551,5.697
89919,0,0,0
89412,48,0.760052,95.5484
89466,24,1.43981,29.01
89942,0,0,0
88804,58,1.55797,103.254
87282,77,3.1026,79.1387
89965,20,0.478104,23.1912
89925,32,0.439539,23.2055
89608,47,0.851859,36.7178
90153,0,0,0
90006,22,0.799281,18.0545
90237,0,0,0
89845,25,1.45566,104.316
90051,18,1.44816,89.7283
90363,0,0,0
90312,9,0.791486,41.2326
90323,16,0.547552,30.261
89896,8,5.82238,60.2449
90475,0,0,0
90490,0,0,0
90492,3,0.316626,67.225
90509,1,0.133092,10.405
90531,8,0.149383,25.518
90395,31,0.40163,19.1693
89946,25,2.02334,34.4789
89520,53,1.57958,31.6542
90617,0,0,0
90203,15,2.51072,44.6325
90710,0,0,0
90614,15,0.497238,57.3848
90113,38,1.26081,69.6276
90743,1,0.697094,16.827
90583,58,0.213663,37.94
90397,22,1.33931,37.6786
90823,0,0,0
90857,0,0,0
90692,13,0.910089,22.2991
90629,12,1.68778,11.7359
89953,52,1.46874,83.2658
89802,81,1.15259,107.379
90862,7,1.56288,8.70143
90521,56,0.682479,37.0418
88530,155,1.30642,95.9968
91098,1,0.315113,0.876
90855,15,1.44786,22.0057
90984,38,0.283423,36.8006
88436,158,1.39622,95.4382
91160,11,0.515503,38.0395
90925,23,1.06245,51.0999
91244,0,0,0
90960,6,1.62047,78.0375
91248,1,0.591559,57.086
91119,10,1.08689,280.227
90973,22,0.95872,221.247
91275,0,0,0
88815,51,3.79679,48.0133
91288,0,0,0
89629,90,1.4485,50.4071
91296,0,0,0
90835,38,1.00268,54.1341
91314,1,0.268527,28.774
91334,0,0,0
91358,3,0.273765,3.86967
91429,0,0,0
91433,0,0,0
90127,22,4.64322,42.9733
91322,10,1.02287,23.5597
89453,54,2.93428,53.4116
91508,0,0,0
91533,0,0,0
91513,1,1.53266,22.025
91543,0,0,0
91591,0,0,0
91076,24,1.68438,25.6991
91623,4,0.394073,165.234
91278,45,0.682252,45.3364
91666,2,1.04125,66.539
91593,11,0.75056,17.1841
91703,0,0,0
91749,0,0,0
91789,0,0,0
91290,0,0,0
91354,40,0.920715,35.8053
91854,0,0,0
91838,2,1.04034,31.1675
91131,119,0.496827,49.328
91305,44,1.02344,44.2716
91949,0,0,0
91968,0,0,0
91904,9,0.590043,75.6011
91562,40,0.947272,79.1029
92037,0,0,0
91580,35,1.20449,33.6891
90438,71,1.85196,60.9558
92054,4,1.44514,48.6893
92142,0,0,0
92116,8,0.218668,13.0642
92202,0,0,0
89853,106,1.799,70.0854
92277,0,0,0
92295,0,0,0
92293,7,0.92509,27.3017
91805,43,1.09712,115.278
92409,0,0,0
91733,30,1.96264,40.7702
92183,5,4.58574,18.2678
91714,70,0.877638,32.5849
92417,12,0.5843,70.7021
92450,9,0.512892,44.9869
92510,0,0,0
92484,3,1.49899,22.1497
92538,0,0,0
92567,0,0,0
91694,23,3.17028,30.7157
92164,62,0.545716,139.213
92129,11,3.36929,37.0031
91902,70,0.823782,47.8193
92267,16,1.91937,30.4678
91271,102,1.0707,88.6269
91893,18,3.33537,76.6964
92543,22,0.361659,44.1662
92669,0,0,0
92004,26,2.16172,39.7608
92640,10,0.512425,24.2492
92769,0,0,0
92595,26,0.375937,42.238
92664,14,0.435276,21.8152
92739,6,1.07024,77.0658
92747,12,0.525412,20.4649
92799,23,0.175945,18.5347
92866,0,0,0
92692,11,0.981259,52.7793
92878,6,0.179754,8.471
92683,22,0.608469,22.9272
92915,0,0,0
92877,5,0.470597,24.7836
92862,43,0.207043,14.6965
93017,0,0,0
93021,0,0,0
93022,0,0,0
93031,6,0.173794,6.184
92590,32,1.0108,30.7608
92324,63,0.922183,46.0608
93058,7,0.452235,11.0897
92744,14,2.02548,37.751
93120,0,0,0
92924,19,1.07205,29.1934
92503,29,1.81504,53.9089
90947,122,1.45632,1283.5
93252,1,1.24387,40.733
93127,8,2.022,117.297
92929,35,1.03743,28.7973
92591,20,2.88964,37.8336
93314,0,0,0
93153,7,2.14789,113.322
93014,16,1.93524,136.582
93293,2,1.39247,54.8375
93361,0,0,0
93068,26,1.15653,17.6997
93387,0,0,0
93247,9,0.814491,50.4881
91510,55,2.8341,69.8888
93148,12,2.02026,65.0737
92654,27,2.58552,23.1847
92919,3,10.2515,375.688
93488,0,0,0
93071,53,0.883553,63.3626
93532,0,0,0
90979,61,3.47536,43.0659
93582,0,0,0
93547,22,0.175621,39.9064
93612,0,0,0
93622,2,0.20042,9.333
93641,0,0,0
93324,23,1.38276,57.7149
93649,0,0,0
93444,11,1.77188,14.0179
93664,0,0,0
93506,39,0.347218,86.9541
93671,0,0,0
93674,0,0,0
93675,0,0,0
90887,159,1.45908,67.4058
93704,0,0,0
93736,0,0,0
93342,11,3.35834,177.696
93340,13,2.95053,263.601
93336,12,3.31399,211.346
93761,4,0.15232,21.651
93076,30,2.21058,157.737
93818,0,0,0
93679,48,0.197357,63.1812
93630,18,0.852197,29.2271
93867,0,0,0
93894,0,0,0
93899,0,0,0
93850,8,0.580839,47.1763
93935,5,0.653205,34.4394
93759,5,2.88675,27.611
93729,21,0.821803,22.4162
94018,0,0,0
93822,46,0.272734,28.442
93948,13,0.401133,23.0101
94044,0,0,0
94045,0,0,0
93955,12,0.796476,37.5311
93474,16,2.91801,78.0998
92540,77,1.64094,45.6994
94047,26,0.159038,35.1041
94005,6,1.3151,16.8307
93746,13,1.90764,72.2048
94121,10,0.351758,20.5061
94216,0,0,0
94242,5,0.189938,28.636
94286,0,0,0
93855,66,0.410201,119.663
93763,34,1.0453,40.1038
94325,0,0,0
94329,0,0,0
94223,10,1.20031,116.51
94310,22,0.486257,25.6129
93160,26,3.95839,37.8383
94059,18,1.58038,27.2071
94491,0,0,0
94502,0,0,0
94131,87,0.300499,34.3601
93406,32,2.7054,98.4488
94554,0,0,0
94559,0,0,0
94060,15,2.38307,50.8125
94583,0,0,0
94185,33,0.943118,45.8954
94358,20,1.01112,36.9034
93399,77,1.23278,52.7045
94643,0,0,0
94373,22,1.01613,49.054
94796,0,0,0
94580,17,1.27539,25.6489
94604,16,1.49327,51.4576
94854,0,0,0
94649,34,0.619457,38.1638
94550,16,2.0429,28.3796
93450,56,2.06894,46.0966
94943,0,0,0
94312,55,1.06016,111.96
95001,0,0,0
94577,74,0.555645,26.0736
95110,0,0,0
94311,57,1.22235,42.7693
95201,0,0,0
93420,83,1.75552,91.5453
94841,55,0.685315,36.7991
95361,1,0.429168,2.952
95275,18,0.785157,33.7039
94832,38,1.28398,36.1812
95508,0,0,0
95445,6,2.18667,16.0765
95536,20,0.533353,27.0207
95381,40,0.83417,72.4318
95174,48,1.03103,22.8326
94862,150,0.50915,115.55
95655,14,1.28355,31.2218
95135,67,0.85733,38.8642
95702,12,1.36527,47.0447
95885,0,0,0
94964,50,1.43478,79.1154
95903,0,0,0
95528,33,0.933546,44.8131
95919,0,0,0
94932,62,1.225,35.8416
95947,0,0,0
95952,0,0,0
95965,0,0,0
95986,0,0,0
95914,14,0.591749,16.2749
95988,3,0.441192,67.7647
96013,0,0,0
94203,58,2.55551,134.952
96027,0,0,0
94596,33,3.62876,22.3988
96046,0,0,0
96059,13,0.258056,111.281
96118,0,0,0
96175,0,0,0
95967,19,1.08502,28.4521
96190,0,0,0
96208,0,0,0
96211,0,0,0
96012,41,0.441506,106.423
96226,0,0,0
96248,0,0,0
96260,0,0,0
95818,27,0.379878,34.2016
96275,3,0.368482,14.7367
95958,17,1.82641,21.1692
96306,0,0,0
89956,68,7.65597,49.5091
94751,81,1.75479,96.7522
96382,23,0.380035,34.0747
96259,3,7.44552,159.723
96360,40,0.425736,47.5251
96573,11,0.857885,59.5436
95822,134,0.542075,35.3864
96678,10,0.146125,78.5627
94623,144,1.20155,80.535
96665,2,2.8081,53.143
96244,77,0.520317,67.4244
96726,11,0.432836,27.6255
96793,0,0,0
96787,2,1.0919,46.932
96752,5,1.27994,25.1352
96730,13,1.03987,29.6358
96528,14,2.27828,123.504
96869,0,0,0
96871,0,0,0
96881,0,0,0
96880,7,0.258459,19.0986
96902,0,0,0
96101,52,1.45278,29.8125
96788,22,0.821168,60.654
96233,52,1.20117,72.4186
96885,9,0.831455,25.9238
96937,25,0.512163,64.5201
94882,96,2.0196,62.5994
97039,6,0.686339,63.6505
96864,16,2.09021,112.321
96796,15,2.76575,71.7177
97091,0,0,0
97111,0,0,0
96998,0,0,0
96319,22,4.2759,38.8441
97086,21,0.603181,26.2592
97258,0,0,0
97083,13,1.43573,87.7385
97104,46,0.434352,39.3546
97322,0,0,0
97330,0,0,0
97008,25,2.10306,17.5745
97193,51,0.59964,24.5865
97514,0,0,0
97341,32,0.491158,38.4852
97369,24,0.856892,48.7758
97376,15,1.36101,43.1914
97333,14,1.85218,42.3099
97623,9,0.149068,6.03011
96713,16,6.46038,65.9041
96918,81,0.970792,94.433
97663,0,0,0
97681,2,0.782573,4.2455
97107,49,1.12564,55.4916
97527,32,0.611101,38.4852
97367,13,2.64482,32.8152
97746,0,0,0
97747,0,0,0
97657,10,1.40955,8.0968
97764,0,0,0
97777,0,0,0
97790,0,0,0
97795,2,0.390202,27.8495
97807,0,0,0
97753,23,0.778496,32.4676
95984,92,2.16057,196.537
96110,37,5.13201,26.8381
97794,15,1.39958,61.0535
97801,18,1.4598,140.589
96995,30,3.96585,42.5896
98097,0,0,0
97960,11,1.46879,41.2815
98118,0,0,0
97967,30,0.594969,60.9515
98141,0,0,0
98059,17,0.716089,27.5159
95067,50,6.04576,146.512
98177,4,0.783331,23.6185
98217,0,0,0
98229,0,0,0
98238,0,0,0
98239,0,0,0
98244,0,0,0
98166,10,1.36716,11.9604
97566,32,2.58524,21.0196
98301,0,0,0
94402,189,1.96475,67.2548
98310,0,0,0
98314,0,0,0
98339,0,0,0
97856,41,1.36026,92.9513
96904,37,4.43419,168.577
98324,17,0.283387,71.5014
98372,3,0.47031,10.041
98384,7,0.155288,4.52129
98288,7,1.69237,76.0511
96299,20,11.2106,19.4995
98248,16,1.03931,20.7279
98392,11,0.238237,20.8233
98425,4,0.209221,4.70325
98443,2,0.25113,0.39
98472,0,0,0
98479,0,0,0
98485,0,0,0
98503,0,0,0
98515,1,0.280292,20.352
98355,34,0.712616,46.4426
98534,21,0.469394,38.9439
98429,30,0.660665,41.9982
98437,31,0.661576,51.0596
98701,0,0,0
98708,0,0,0
98747,0,0,0
97952,65,1.20497,62.116
98703,23,0.302356,34.478
98797,0,0,0
98501,10,2.5164,24.7215
98846,1,0.282502,20.043
98467,37,0.827966,39.8751
98511,34,0.826007,59.4992
98864,5,0.469134,75.9926
98899,0,0,0
98830,6,1.2183,518.805
98936,0,0,0
98913,13,0.501294,12.807
99024,0,0,0
97678,90,1.53059,647.921
98455,80,0.65023,46.5744
94703,248,1.66952,61.2133
99059,5,1.03764,58.6822
99132,0,0,0
99135,0,0,0
98870,13,2.11708,35.257
99203,0,0,0
99143,28,0.340755,37.2694
98927,38,0.862883,14.6681
99333,0,0,0
98929,23,1.51132,31.8653
99155,56,0.311099,60.5356
98021,64,2.0269,73.3086
98173,25,4.8061,28.9808
99397,24,0.750021,26.6141
99354,33,0.709139,29.0666
99718,0,0,0
99650,12,0.505342,22.8519
99736,2,0.61299,81.9175
99758,5,0.279632,14.8416
99367,38,0.919735,55.7678
99104,64,0.898428,89.7049
99841,0,0,0
98875,49,1.76313,95.8192
99785,18,0.564803,30.8674
99589,38,0.665753,14.46
99912,0,0,0
99943,0,0,0
99509,48,0.768186,82.5916
99809,25,0.617388,33.7374
99976,0,0,0
99317,48,1.20032,84.5681
99918,24,0.240798,30.2226
99965,2,1.51641,19.337
98728,103,1.03652,142.414
98941,48,1.88307,84.7234
39555,1202,3.8326,486.045
96935,62,4.78766,30.0512
97733,34,6.20023,60.2714
97830,22,8.95215,91.7998
98982,37,2.39102,265.252
98321,71,2.01745,116.406
97689,51,4.30009,84.729
99859,19,0.892938,39.0378
99224,20,3.44761,70.3044
99181,21,3.76888,225.978
97572,1,451.337,641.405
